period,Compensation of employees,Proprietors' income,Corporate profits,Net interest,Rental income,Taxes on production less subsidies,Depreciation,Everything else
Q1 1947,128.92,36.188,20.571,1.992,6.657,17.168,28.071,0.525
Q2 1947,130.718,33.262,23.523,2.223,6.768,17.323,28.706,0.686
Q3 1947,132.712,33.893,23.616,2.404,6.973,17.667,29.515,0.799
Q4 1947,136.808,34.972,25.003,2.465,7.157,18.672,30.191,0.854
Q1 1948,140.319,36.384,28.771,2.352,7.319,18.579,30.615,0.731
Q2 1948,141.984,40.231,30.473,2.336,7.465,19.373,31.086,0.706
Q3 1948,146.761,40.604,29.898,2.4,7.536,19.391,31.65,0.701
Q4 1948,147.843,39.897,31.385,2.429,7.617,19.401,31.959,0.692
Q1 1949,146.209,35.414,29.78,2.552,7.543,19.784,32.249,0.649
Q2 1949,144.622,34.937,27.496,2.616,7.654,20.423,32.256,0.657
Q3 1949,143.55,34.238,28.807,2.705,7.888,20.724,32.255,0.696
Q4 1949,142.722,34.171,25.648,2.76,8.108,20.691,32.382,0.75
Q1 1950,146.926,36.246,28.928,2.969,8.458,20.864,32.405,0.71
Q2 1950,153.538,36.813,32.805,2.906,8.669,21.653,32.769,0.779
Q3 1950,162.225,38.456,37.017,2.947,8.841,23.608,33.572,0.858
Q4 1950,170.072,38.543,40.408,3.054,9.148,22.301,34.823,0.948
Q1 1951,178.552,40.901,39.232,3.259,9.32,23.938,36.253,1.079
Q2 1951,184.887,42.539,38.876,3.343,9.576,22.941,37.336,1.151
Q3 1951,187.84,43.241,39.313,3.507,9.858,23.609,38.267,1.188
Q4 1951,191.481,43.698,40.394,3.611,10.124,24.299,39.045,1.219
Q1 1952,196.095,41.693,38.122,3.723,10.4,25.274,39.53,1.216
Q2 1952,197.424,42.956,36.249,3.803,10.665,26.127,40.176,1.204
Q3 1952,201.501,44.745,36.156,3.939,10.931,26.536,41.003,1.188
Q4 1952,209.324,42.762,40.58,3.995,11.267,27.45,41.709,1.184
Q1 1953,213.13,42.948,41.468,4.235,11.584,28.019,42.496,1.193
Q2 1953,216.216,42.347,40.609,4.261,11.894,28.727,43.266,1.195
Q3 1953,216.53,41.218,39.578,4.504,12.162,28.643,43.817,1.146
Q4 1953,215.136,41.557,32.329,4.615,12.474,28.959,44.381,1.073
Q1 1954,213.169,42.681,34.668,4.797,12.797,28.551,44.94,0.955
Q2 1954,212.741,42.099,35.991,5.062,13.015,28.12,45.691,0.881
Q3 1954,213.281,42.248,37.971,5.308,13.144,28.416,46.3,0.883
Q4 1954,217.593,41.992,41.361,5.519,13.287,29.159,46.991,0.944
Q1 1955,221.965,43.667,46.568,5.564,13.333,29.984,47.461,1.102
Q2 1955,228.153,44.27,47.867,5.737,13.386,30.901,48.178,1.245
Q3 1955,233.98,44.635,47.773,5.802,13.441,31.91,49.315,1.372
Q4 1955,238.461,44.518,49.046,5.872,13.527,32.27,50.603,1.471
Q1 1956,242.91,44.863,46.7,6.018,13.595,32.731,52.144,1.572
Q2 1956,247.573,45.251,46.882,6.199,13.604,33.04,53.505,1.624
Q3 1956,250.502,46.408,46.405,6.584,13.682,33.698,54.819,1.674
Q4 1956,256.445,46.753,47.314,6.979,13.79,34.511,56.032,1.73
Q1 1957,260.3,46.927,48.647,7.362,13.871,34.858,57.313,1.799
Q2 1957,262.135,47.713,47.001,7.556,13.97,35.343,58.42,1.826
Q3 1957,264.802,48.805,46.128,7.741,14.08,35.951,59.488,1.841
Q4 1957,263.379,47.7,42.415,7.855,14.291,35.784,60.448,1.827
Q1 1958,259.839,50.265,36.886,7.974,14.572,35.726,61.092,1.794
Q2 1958,259.498,50.325,38.06,8.493,14.75,36.04,62.003,1.74
Q3 1958,267.3,50.123,42.255,9.318,14.889,36.319,62.943,1.672
Q4 1958,272.335,49.916,48.133,10.379,14.976,37.317,63.782,1.607
Q1 1959,279.827,50.08,51.765,8.322,14.97,38.622,64.464,2.095
Q2 1959,286.539,50.34,56.527,9.343,15.431,39.364,65.122,2.216
Q3 1959,287.007,50.356,51.398,9.412,15.783,40.634,65.789,2.193
Q4 1959,290.268,50.606,51.495,9.74,16.043,41.356,66.397,2.305
Q1 1960,298.89,49.748,55.549,9.777,16.227,42.672,66.985,2.277
Q2 1960,301.871,50.715,51.628,9.871,16.379,43.067,67.588,2.277
Q3 1960,302.728,50.871,50.731,10.265,16.542,43.813,68.204,2.137
Q4 1960,302.259,51.02,48.262,10.667,16.703,44.052,68.825,2.15
Q1 1961,303.256,52.327,46.854,11.008,16.918,44.204,69.496,2.159
Q2 1961,307.457,52.645,51.305,11.483,17.084,44.455,70.185,2.107
Q3 1961,312.464,53.325,53.899,11.903,17.286,45.084,70.961,2.226
Q4 1961,319.083,54.495,58.46,12.542,17.512,46.073,71.776,2.466
Q1 1962,325.577,55.324,59.179,12.41,17.739,47.112,72.702,2.462
Q2 1962,331.522,54.966,58.897,13.234,17.95,47.522,73.529,2.453
Q3 1962,334.336,54.888,60.528,13.745,18.15,48.672,74.549,2.559
Q4 1962,337.753,55.76,62.481,14.138,18.343,49.13,75.608,2.589
Q1 1963,342.717,55.974,63.053,13.92,18.542,49.973,76.518,3.153
Q2 1963,347.623,55.8,66.273,14.098,18.687,50.762,77.526,3.274
Q3 1963,352.707,56.229,67.645,14.521,18.842,51.623,78.503,3.38
Q4 1963,358.837,57.589,68.739,14.977,18.836,52.25,79.524,3.557
Q1 1964,365.229,57.913,72.493,15.604,18.84,52.943,80.617,3.66
Q2 1964,372.676,58.821,72.912,16.191,18.779,53.866,81.755,3.727
Q3 1964,380.065,59.287,73.967,16.829,18.863,55.233,82.945,3.911
Q4 1964,386.147,60.503,73.583,17.295,18.841,56.118,84.239,4.181
Q1 1965,392.925,61.949,81.071,17.898,19.083,57.26,85.615,4.351
Q2 1965,399.92,63.177,83.101,18.289,19.272,57.368,87.146,4.408
Q3 1965,408.335,63.967,84.645,18.901,19.504,57.528,88.773,4.25
Q4 1965,420.458,65.56,89.513,19.215,19.492,58.652,90.49,4.08
Q1 1966,433.085,69.225,93.028,20.045,19.834,57.801,92.31,4.001
Q2 1966,444.388,67.204,91.883,20.786,19.757,58.899,94.338,3.831
Q3 1966,455.645,67.161,90.28,21.746,20.021,59.684,96.288,3.571
Q4 1966,463.78,68.143,91.184,22.69,20.029,60.664,98.3,3.713
Q1 1967,469.977,68.901,88.638,23.454,20.255,61.572,100.268,3.732
Q2 1967,475.619,68.497,87.701,24.245,20.373,62.96,102.35,3.936
Q3 1967,485.242,70.525,88.196,24.605,20.43,65.062,104.619,4.084
Q4 1967,496.206,69.973,91.828,25.043,20.327,66.91,106.985,3.873
Q1 1968,510.86,71.681,92.903,25.412,20.076,69.331,109.496,4.37
Q2 1968,523.98,73.177,96.622,25.831,20.072,71.22,111.946,4.615
Q3 1968,537.809,74.951,96.915,26.617,20.212,73.473,114.534,4.765
Q4 1968,550.305,75.507,98.006,28.198,20.025,74.908,117.45,4.786
Q1 1969,562.744,75.63,97.215,31.326,20.219,76.249,120.465,4.888
Q2 1969,576.697,77.111,93.896,32.48,20.286,78.437,123.506,4.985
Q3 1969,593.413,77.967,90.67,34.127,20.446,80.549,126.325,4.962
Q4 1969,604.895,77.312,85.504,35.04,20.437,82.053,129.289,5.009
Q1 1970,614.93,77.071,77.463,37.103,20.428,83.73,132.239,4.099
Q2 1970,620.21,76.71,81.09,39.31,20.214,85.715,135.272,3.337
Q3 1970,628.171,78.483,81.096,41.66,20.854,87.772,138.327,3.115
Q4 1970,629.984,78.943,76.926,42.87,21.16,89.327,141.511,2.74
Q1 1971,647.88,80.316,89.146,43.522,21.089,92.888,144.646,2.36
Q2 1971,659.773,82.847,90.779,44.33,21.674,94.135,147.597,2.859
Q3 1971,670.088,84.595,93.684,44.923,22.049,97.162,150.361,2.589
Q4 1971,682.154,87.859,97.558,45.019,22.498,99.087,153.099,2.761
Q1 1972,708.354,87.906,102.653,46.067,23.101,98.457,155.942,3.152
Q2 1972,722.473,91.326,104.322,47.61,20.152,100.583,158.952,3.655
Q3 1972,735.744,95.535,108.243,49.914,23.875,101.687,162.705,3.976
Q4 1972,758.766,105.614,115.493,52.341,23.75,104.441,166.434,4.587
Q1 1973,785.423,104.144,121.012,53.384,23.491,108.656,170.49,4.22
Q2 1973,803.227,109.942,117.205,55.786,23.343,110.481,175.393,4.134
Q3 1973,820.42,113.788,116.625,59.792,22.34,113.68,181.24,3.473
Q4 1973,841.71,122.206,119.124,62.847,23.291,115.143,187.608,3.305
Q1 1974,858.356,115.735,111.085,67.058,23.517,117.25,194.309,3.836
Q2 1974,878.511,108.637,110.761,71.558,22.92,121.176,202.126,4.676
Q3 1974,900.218,111.0,107.26,75.132,23.273,123.882,211.181,4.51
Q4 1974,913.86,113.481,103.837,80.596,23.011,124.072,219.957,4.34
Q1 1975,918.423,112.735,103.89,85.007,22.662,124.601,228.744,4.662
Q2 1975,931.218,114.317,115.588,84.706,22.405,128.747,235.778,5.212
Q3 1975,956.033,120.708,135.395,85.662,22.247,133.635,242.132,5.004
Q4 1975,983.422,125.194,142.038,85.603,21.856,136.209,247.391,4.992
Q1 1976,1014.752,126.395,159.099,84.328,21.636,136.538,251.926,7.128
Q2 1976,1035.541,128.627,156.567,86.518,20.455,140.02,256.699,6.973
Q3 1976,1058.412,132.685,158.351,87.666,20.023,142.625,262.692,6.739
Q4 1976,1084.831,136.192,157.143,89.734,19.122,145.869,269.589,6.159
Q1 1977,1113.341,138.592,164.974,95.454,16.446,149.016,277.537,5.546
Q2 1977,1150.353,140.511,185.731,99.365,16.315,152.172,285.66,5.101
Q3 1977,1182.171,142.368,199.882,104.159,15.605,155.116,293.756,4.811
Q4 1977,1217.684,156.496,196.095,108.813,15.097,153.952,302.364,5.033
Q1 1978,1251.01,158.524,187.502,111.065,15.891,158.232,311.598,6.148
Q2 1978,1299.226,166.115,220.044,114.57,15.625,164.691,321.999,7.317
Q3 1978,1336.958,168.342,223.757,116.923,17.124,161.423,331.98,9.35
Q4 1978,1380.257,170.915,231.497,121.595,17.545,163.502,343.202,9.171
Q1 1979,1422.587,180.057,222.26,126.8,17.267,168.089,354.779,9.993
Q2 1979,1454.82,179.181,219.658,133.741,15.625,169.717,367.225,10.26
Q3 1979,1496.791,180.733,211.304,141.5,15.366,172.77,380.308,10.363
Q4 1979,1535.01,177.777,205.197,155.515,16.112,175.704,393.209,9.599
Q1 1980,1573.692,167.566,197.152,171.18,15.792,180.313,406.75,9.605
Q2 1980,1599.268,160.309,169.917,177.65,17.096,187.272,420.968,9.206
Q3 1980,1628.697,173.401,179.182,183.828,19.867,194.222,435.363,9.19
Q4 1980,1687.725,185.005,204.367,203.396,23.16,200.313,450.637,10.06
Q1 1981,1739.768,188.213,212.994,203.837,23.963,220.286,465.542,10.297
Q2 1981,1774.906,176.367,211.822,223.039,23.335,224.792,480.431,12.424
Q3 1981,1815.241,182.286,228.61,249.296,23.085,226.346,494.517,12.468
Q4 1981,1840.808,171.848,211.436,257.368,24.74,225.26,508.426,13.597
Q1 1982,1864.869,165.195,188.224,269.758,23.548,223.405,521.926,15.203
Q2 1982,1884.558,169.412,200.522,276.817,21.08,224.658,533.877,15.803
Q3 1982,1904.945,170.698,200.396,272.905,24.379,228.737,542.749,16.024
Q4 1982,1918.325,179.459,191.532,272.496,26.324,226.864,549.301,16.569
Q1 1983,1947.394,183.262,209.484,276.121,25.78,230.764,552.307,17.714
Q2 1983,1986.471,182.636,238.28,276.941,24.745,239.655,559.081,18.83
Q3 1983,2029.805,183.805,254.444,290.148,23.742,245.298,566.169,20.177
Q4 1983,2086.974,195.301,269.179,303.17,23.478,252.191,572.932,22.465
Q1 1984,2144.073,221.918,301.118,308.124,23.192,260.42,582.246,25.045
Q2 1984,2195.373,231.775,301.232,326.968,21.715,266.752,591.493,27.539
Q3 1984,2241.817,232.366,295.29,342.635,24.449,271.292,603.176,29.37
Q4 1984,2283.068,226.936,305.156,346.724,29.257,276.368,616.669,31.215
Q1 1985,2323.735,240.667,311.413,351.77,26.878,279.928,623.649,32.98
Q2 1985,2363.862,238.477,310.348,350.811,25.327,284.707,634.561,40.255
Q3 1985,2406.632,240.737,331.51,348.997,27.054,290.518,645.165,35.196
Q4 1985,2455.929,244.323,306.649,357.58,25.553,291.939,657.178,35.295
Q1 1986,2493.036,245.628,296.668,375.16,22.012,294.39,668.189,44.511
Q2 1986,2519.014,251.631,286.374,378.44,21.078,295.288,679.916,37.036
Q3 1986,2556.896,264.416,275.61,374.284,16.592,300.704,690.953,35.782
Q4 1986,2606.435,264.24,277.711,371.423,13.391,303.53,702.121,36.679
Q1 1987,2649.361,275.438,288.413,367.338,14.487,307.754,712.6,37.077
Q2 1987,2693.567,282.308,319.699,374.793,14.133,313.926,723.77,37.196
Q3 1987,2741.443,289.495,344.171,380.365,17.477,321.072,736.076,35.052
Q4 1987,2810.672,298.63,338.928,390.69,20.287,326.3,749.086,34.839
Q1 1988,2858.473,319.16,344.078,393.458,21.05,334.856,763.802,33.332
Q2 1988,2924.054,322.499,352.308,399.122,20.281,342.658,777.68,37.831
Q3 1988,2976.558,333.596,359.287,415.484,21.203,348.289,791.371,39.751
Q4 1988,3036.327,326.841,381.361,430.795,27.429,354.047,805.134,42.34
Q1 1989,3080.126,348.099,363.2,453.568,23.078,363.056,818.428,44.349
Q2 1989,3115.774,339.519,356.379,463.202,21.171,370.096,831.683,44.712
Q3 1989,3156.319,337.157,355.004,469.596,20.009,376.843,844.888,46.389
Q4 1989,3211.327,339.742,331.765,467.251,21.833,375.758,858.033,46.652
Q1 1990,3274.921,345.605,344.381,472.791,23.137,392.423,870.021,44.554
Q2 1990,3336.913,351.118,361.449,471.551,26.654,392.5,882.23,42.484
Q3 1990,3374.835,358.938,337.763,470.767,31.6,399.821,895.014,42.25
Q4 1990,3384.05,356.952,329.377,469.33,31.273,407.243,906.865,42.344
Q1 1991,3389.868,347.459,367.014,454.294,32.969,416.872,918.971,45.624
Q2 1991,3430.273,353.015,373.113,442.57,35.492,424.339,928.946,46.743
Q3 1991,3472.728,353.62,376.335,437.373,39.437,433.766,937.781,47.145
Q4 1991,3520.192,362.555,372.62,417.918,46.412,443.434,943.873,48.915
Q1 1992,3598.666,378.711,400.887,412.029,50.002,447.83,948.169,48.406
Q2 1992,3654.9,395.206,407.837,404.132,57.266,451.996,955.181,48.818
Q3 1992,3691.394,407.857,399.344,394.89,64.317,455.584,963.352,50.262
Q4 1992,3739.889,418.846,424.73,392.873,70.705,457.736,974.276,53.173
Q1 1993,3748.676,418.929,406.511,400.911,80.719,454.281,986.166,49.812
Q2 1993,3803.527,429.555,444.677,391.078,86.85,459.993,997.536,51.048
Q3 1993,3837.401,423.448,452.362,384.927,92.528,467.205,1008.696,50.567
Q4 1993,3892.833,440.004,511.597,382.725,100.221,484.304,1021.6,51.846
Q1 1994,3917.304,450.23,517.538,377.455,108.977,497.896,1033.285,53.542
Q2 1994,3995.615,454.123,539.188,384.393,113.459,512.019,1046.97,52.45
Q3 1994,4035.771,456.768,571.942,390.237,116.286,518.565,1062.27,54.003
Q4 1994,4092.136,465.457,595.833,406.483,115.94,522.418,1079.907,53.487
Q1 1995,4138.481,467.357,588.94,408.328,118.286,521.357,1099.15,60.042
Q2 1995,4176.938,471.97,605.784,408.9,121.577,518.979,1115.753,61.059
Q3 1995,4223.789,484.461,649.936,409.6,125.707,523.799,1130.762,62.428
Q4 1995,4269.498,500.954,650.261,407.861,133.962,528.227,1143.859,62.363
Q1 1996,4318.408,523.312,683.842,400.673,139.519,534.915,1155.575,64.016
Q2 1996,4391.572,547.499,700.249,410.916,141.611,542.249,1167.56,65.579
Q3 1996,4455.328,547.476,706.026,418.747,143.674,546.561,1181.881,67.072
Q4 1996,4518.961,556.847,716.29,433.215,145.315,558.349,1196.21,84.926
Q1 1997,4596.567,575.562,753.313,440.916,144.151,561.34,1213.302,64.799
Q2 1997,4664.319,575.138,767.9,448.991,144.566,576.749,1231.224,65.94
Q3 1997,4743.318,588.538,808.092,459.137,147.383,583.148,1247.806,71.513
Q4 1997,4848.68,596.593,799.941,472.872,152.142,589.979,1264.973,70.314
Q1 1998,4946.382,617.383,728.619,492.793,156.82,595.243,1281.346,75.789
Q2 1998,5032.752,630.197,729.588,513.183,162.59,600.513,1300.034,77.637
Q3 1998,5119.465,645.417,749.061,523.969,168.033,606.243,1318.769,79.858
Q4 1998,5204.208,668.108,722.354,517.377,173.381,610.418,1338.797,90.516
Q1 1999,5294.986,682.44,761.866,513.634,176.116,615.081,1358.687,83.232
Q2 1999,5351.497,690.222,754.078,502.837,179.581,622.041,1383.208,84.394
Q3 1999,5430.455,699.488,737.722,520.876,179.41,632.554,1410.656,84.71
Q4 1999,5562.791,713.256,726.49,538.024,178.883,643.826,1443.195,85.713
Q1 2000,5756.349,720.561,714.817,556.201,179.83,653.483,1478.97,95.852
Q2 2000,5799.292,750.678,699.121,592.167,180.202,661.843,1506.133,97.92
Q3 2000,5911.457,760.29,677.589,623.329,182.853,665.441,1524.963,96.429
Q4 2000,5951.419,782.708,631.46,643.246,191.016,670.095,1534.844,96.293
Q1 2001,6057.905,809.975,622.634,651.572,197.126,668.948,1566.444,104.817
Q2 2001,6048.79,827.759,638.004,654.057,202.604,662.133,1594.02,104.739
Q3 2001,6032.702,845.551,627.694,632.554,204.794,654.176,1611.579,109.623
Q4 2001,6045.976,840.938,585.201,570.216,205.078,690.662,1625.991,100.353
Q1 2002,6068.74,859.745,711.657,547.92,207.315,701.452,1637.53,92.413
Q2 2002,6137.268,864.434,755.968,553.025,208.855,711.471,1649.251,87.065
Q3 2002,6165.291,873.009,778.494,547.821,207.677,727.158,1664.403,87.889
Q4 2002,6202.172,883.355,848.237,552.417,209.946,734.456,1680.74,85.949
Q1 2003,6221.885,876.295,862.807,544.685,218.701,741.492,1695.027,84.903
Q2 2003,6315.763,892.397,891.407,521.359,223.194,742.852,1708.794,81.257
Q3 2003,6402.369,905.261,941.813,515.709,227.513,767.069,1725.713,79.952
Q4 2003,6509.165,916.086,976.552,493.336,238.98,774.822,1746.857,78.559
Q1 2004,6550.843,946.564,1064.574,451.682,243.0,803.08,1773.987,82.274
Q2 2004,6678.479,963.037,1113.482,449.415,243.418,816.236,1803.609,80.816
Q3 2004,6813.4,964.199,1158.94,458.651,241.8,825.955,1835.146,77.985
Q4 2004,6874.482,977.78,1164.652,476.402,242.912,841.575,1874.613,88.195
Q1 2005,6937.715,957.11,1257.935,511.613,233.687,858.33,1911.601,82.066
Q2 2005,7017.127,963.936,1276.867,556.532,231.156,876.623,1948.969,93.553
Q3 2005,7134.214,988.041,1287.181,590.198,213.554,890.117,1989.675,87.596
Q4 2005,7221.831,1007.478,1395.332,638.176,206.026,901.038,2033.96,85.551
Q1 2006,7391.39,1049.502,1445.408,644.154,194.509,926.115,2070.428,74.387
Q2 2006,7439.589,1052.043,1453.058,726.186,183.436,940.142,2107.094,71.536
Q3 2006,7498.469,1048.75,1505.789,723.389,177.791,954.216,2141.108,75.525
Q4 2006,7635.573,1053.184,1421.286,714.65,168.742,961.816,2178.031,74.205
Q1 2007,7816.971,1017.222,1316.281,752.06,162.476,976.353,2214.675,85.944
Q2 2007,7856.222,998.504,1347.737,830.011,180.253,974.899,2240.928,82.818
Q3 2007,7895.385,987.098,1229.157,828.14,193.632,979.883,2265.601,86.232
Q4 2007,7988.896,978.763,1138.936,843.819,208.675,997.843,2289.796,82.513
Q1 2008,8067.816,964.96,1053.805,828.794,249.248,993.807,2319.795,95.861
Q2 2008,8066.295,967.537,1026.962,837.486,280.963,1003.033,2347.2,88.422
Q3 2008,8085.25,957.217,1008.189,884.027,305.248,1006.494,2376.04,88.539
Q4 2008,8055.357,951.502,732.754,856.801,325.642,985.402,2392.814,111.39
Q1 2009,7739.385,913.805,953.512,776.05,326.526,960.554,2387.44,105.279
Q2 2009,7770.265,902.034,1003.34,719.411,335.906,961.847,2369.055,126.496
Q3 2009,7754.474,935.014,1123.196,669.74,355.89,961.683,2358.981,104.663
Q4 2009,7804.64,1001.652,1227.505,659.758,372.046,989.799,2369.629,105.812
Q1 2010,7774.624,1057.125,1295.493,646.243,404.881,989.851,2374.551,109.74
Q2 2010,7918.168,1103.464,1299.966,621.6,428.875,1006.649,2382.725,104.27
Q3 2010,7990.231,1128.991,1475.458,584.241,442.603,1013.074,2391.773,109.802
Q4 2010,8048.854,1144.435,1483.823,588.956,458.324,1019.486,2412.516,107.315
Q1 2011,8177.679,1181.207,1323.447,591.599,489.126,1032.627,2437.233,126.029
Q2 2011,8214.104,1211.868,1443.907,580.475,501.353,1045.582,2463.587,112.206
Q3 2011,8295.333,1252.105,1447.146,553.859,510.06,1043.709,2487.576,110.495
Q4 2011,8248.936,1268.165,1585.011,573.64,525.626,1052.945,2509.057,100.392
Q1 2012,8464.321,1297.683,1659.954,621.629,526.776,1072.482,2538.27,93.709
Q2 2012,8512.111,1308.658,1662.593,640.974,532.464,1075.839,2563.894,83.131
Q3 2012,8554.266,1286.792,1644.617,569.003,536.081,1075.019,2590.148,73.364
Q4 2012,8770.786,1306.555,1642.314,608.263,542.554,1088.971,2609.909,77.344
Q1 2013,8740.945,1339.638,1672.79,562.264,562.28,1116.021,2633.212,84.315
Q2 2013,8828.114,1364.139,1665.555,543.393,576.295,1119.248,2664.353,87.675
Q3 2013,8854.208,1363.124,1676.09,551.903,588.613,1130.225,2694.774,88.051
Q4 2013,8951.284,1340.054,1714.757,553.427,587.559,1138.92,2734.074,114.586
Q1 2014,9123.341,1349.446,1650.3,559.952,594.956,1157.238,2774.727,103.391
Q2 2014,9181.919,1376.742,1832.139,575.304,599.082,1176.371,2801.795,109.389
Q3 2014,9290.227,1381.932,1864.915,596.602,600.292,1187.441,2838.028,169.471
Q4 2014,9443.131,1371.742,1884.47,614.913,599.679,1197.44,2864.191,125.747
Q1 2015,9573.603,1356.127,1847.912,632.318,588.811,1203.108,2891.206,119.863
Q2 2015,9676.041,1339.92,1831.749,672.871,603.074,1214.428,2912.862,130.121
Q3 2015,9762.001,1352.322,1779.005,673.226,606.368,1218.169,2936.825,132.858
Q4 2015,9826.496,1342.52,1653.046,666.352,607.153,1229.343,2950.86,221.409
Q1 2016,9862.415,1335.886,1757.834,669.733,611.984,1231.8,2961.432,160.979
Q2 2016,9916.161,1333.965,1708.721,658.738,619.124,1235.141,2994.919,163.644
Q3 2016,10009.604,1355.867,1730.994,662.073,619.876,1257.129,3020.245,145.092
Q4 2016,10120.203,1371.136,1700.056,676.354,623.91,1265.442,3055.839,171.716
Q1 2017,10234.606,1409.373,1721.084,719.38,633.854,1277.575,3089.409,151.734
Q2 2017,10346.597,1419.731,1723.584,715.577,634.271,1295.437,3128.974,141.759
Q3 2017,10489.187,1423.933,1718.016,721.18,643.753,1310.053,3170.459,125.046
Q4 2017,10669.524,1461.5,1742.688,725.84,656.233,1333.321,3206.97,136.153
Q1 2018,10793.16,1472.227,1772.353,746.232,663.498,1364.586,3249.473,143.428
Q2 2018,10901.138,1479.569,1846.034,753.782,669.037,1382.692,3295.191,142.757
Q3 2018,11052.538,1499.864,1868.808,752.051,679.784,1405.762,3334.438,167.591
Q4 2018,11123.918,1529.663,1891.113,773.52,673.633,1422.056,3371.311,151.1
Q1 2019,11340.453,1533.982,1875.383,772.025,674.44,1439.274,3418.317,157.384
Q2 2019,11400.573,1535.592,1906.54,770.067,682.8,1461.33,3462.789,149.704
Q3 2019,11465.005,1570.867,1968.085,736.816,690.231,1472.382,3499.797,154.509
Q4 2019,11627.855,1582.66,2003.175,739.178,706.257,1469.716,3529.16,135.423
Q1 2020,11788.802,1583.418,1743.493,730.215,729.239,1474.682,3569.734,133.777
Q2 2020,11058.708,1429.455,1673.111,768.561,736.238,385.495,3599.571,134.144
Q3 2020,11577.348,1710.708,2331.741,748.322,752.498,376.374,3635.481,146.406
Q4 2020,11998.133,1674.448,2116.707,757.415,755.736,1054.478,3686.612,157.745
Q1 2021,12099.868,1699.759,2418.569,736.093,754.372,1064.878,3733.026,159.555
Q2 2021,12414.481,1848.911,2771.62,691.178,769.971,857.724,3814.94,172.968
Q3 2021,12715.652,1870.426,2779.772,678.337,782.632,1030.207,3913.406,190.402
Q4 2021,13048.221,1855.551,2821.198,686.568,799.901,1343.246,4021.781,206.044
Q1 2022,13197.429,1835.997,2768.751,713.901,818.606,1653.265,4151.009,216.58
Q2 2022,13312.321,1849.479,2931.787,716.658,860.369,1713.285,4272.906,254.231
Q3 2022,13630.563,1889.057,3004.24,670.375,887.162,1732.042,4372.02,243.226
Q4 2022,13708.554,1901.143,2947.695,655.005,918.289,1727.319,4433.563,233.234
Q1 2023,13908.829,1933.796,3060.515,680.457,965.485,1740.814,4497.821,192.826
Q2 2023,14113.671,1931.691,3052.805,670.332,998.019,1742.463,4542.77,177.307
Q3 2023,14355.547,1943.09,3153.053,607.499,1012.853,1760.814,4592.763,190.006
Q4 2023,14535.463,1959.256,3310.625,631.23,1033.579,1790.952,4649.537,206.781
Q1 2024,14760.769,1982.888,3243.778,636.902,1069.014,1826.001,4694.737,254.348
Q2 2024,14965.578,2013.245,3343.401,623.005,1069.665,1849.488,4762.119,234.619
Q3 2024,15138.339,2031.727,3342.615,578.888,1077.265,1873.046,4834.135,241.269
Q4 2024,15331.807,2064.46,3446.851,605.559,1096.651,1893.247,4895.805,225.647
Q1 2025,15533.625,2103.269,3437.048,628.483,1115.588,1906.66,4943.183,227.794
Q2 2025,15633.343,2105.15,3458.201,629.204,1119.216,2083.144,4994.803,221.817
Q3 2025,15859.761,2117.675,3583.317,598.325,1112.239,2165.446,5112.107,240.564
Q4 2025,15971.853,2111.332,3724.969,589.883,1110.995,2251.418,5210.081,229.409
Q1 2026,16103.887,2138.045,3864.373,620.503,1127.65,2222.533,5277.498,219.733
Q2 2026,16245.811,2158.708,4245.61,619.876,1147.549,2244.066,5379.616,203.906
