period,"Trade, transportation, and utilities",Education and health services,Government,Professional and business services,Leisure and hospitality,Manufacturing,Financial activities,Construction,Other services,Information,Mining and logging
Jan 1939,6627.0,1381.0,3988.0,1943.0,1860.0,9077.0,1371.0,1139.0,543.0,1112.0,882.0
Feb 1939,6643.0,1384.0,4001.0,1950.0,1867.0,9175.0,1372.0,1162.0,544.0,1118.0,884.0
Mar 1939,6625.0,1387.0,4002.0,1958.0,1877.0,9275.0,1376.0,1225.0,546.0,1126.0,883.0
Apr 1939,6634.0,1389.0,4002.0,1957.0,1887.0,9309.0,1370.0,1249.0,546.0,1127.0,624.0
May 1939,6686.0,1399.0,4006.0,1968.0,1888.0,9299.0,1379.0,1262.0,550.0,1125.0,737.0
Jun 1939,6706.0,1406.0,4003.0,1980.0,1895.0,9315.0,1381.0,1264.0,553.0,1131.0,868.0
Jul 1939,6731.0,1411.0,4019.0,1985.0,1897.0,9231.0,1386.0,1221.0,555.0,1131.0,852.0
Aug 1939,6740.0,1412.0,4046.0,1990.0,1899.0,9400.0,1392.0,1236.0,555.0,1134.0,859.0
Sep 1939,6793.0,1424.0,4076.0,2010.0,1918.0,9604.0,1406.0,1203.0,560.0,1152.0,885.0
Oct 1939,6858.0,1415.0,4089.0,2021.0,1910.0,9873.0,1398.0,1186.0,557.0,1179.0,925.0
Nov 1939,6855.0,1421.0,4109.0,2027.0,1913.0,9896.0,1400.0,1172.0,559.0,1179.0,939.0
Dec 1939,6851.0,1428.0,4134.0,2033.0,1930.0,9949.0,1405.0,1142.0,562.0,1178.0,930.0
Jan 1940,6916.0,1433.0,4150.0,2039.0,1936.0,9927.0,1409.0,1121.0,564.0,1183.0,925.0
Feb 1940,6943.0,1440.0,4150.0,2047.0,1945.0,9916.0,1415.0,1178.0,566.0,1186.0,929.0
Mar 1940,6992.0,1447.0,4151.0,2051.0,1993.0,9884.0,1416.0,1214.0,569.0,1182.0,926.0
Apr 1940,6896.0,1455.0,4152.0,2055.0,1965.0,9817.0,1419.0,1276.0,572.0,1174.0,920.0
May 1940,6996.0,1460.0,4172.0,2061.0,1979.0,9810.0,1421.0,1298.0,574.0,1178.0,930.0
Jun 1940,7016.0,1465.0,4218.0,2066.0,1995.0,9832.0,1423.0,1290.0,576.0,1178.0,918.0
Jul 1940,7017.0,1469.0,4261.0,2070.0,1988.0,9766.0,1423.0,1272.0,578.0,1178.0,920.0
Aug 1940,7049.0,1478.0,4282.0,2087.0,2000.0,10048.0,1427.0,1286.0,581.0,1191.0,923.0
Sep 1940,7101.0,1487.0,4312.0,2104.0,2023.0,10258.0,1428.0,1379.0,585.0,1205.0,928.0
Oct 1940,7121.0,1496.0,4353.0,2123.0,2023.0,10471.0,1432.0,1506.0,588.0,1222.0,932.0
Nov 1940,7147.0,1501.0,4396.0,2137.0,2025.0,10643.0,1436.0,1627.0,590.0,1231.0,936.0
Dec 1940,7208.0,1507.0,4415.0,2155.0,2056.0,10847.0,1436.0,1777.0,593.0,1241.0,939.0
Jan 1941,7223.0,1516.0,4468.0,2171.0,2045.0,10993.0,1438.0,1833.0,596.0,1253.0,945.0
Feb 1941,7275.0,1526.0,4504.0,2189.0,2061.0,11211.0,1439.0,1820.0,600.0,1267.0,951.0
Mar 1941,7299.0,1536.0,4535.0,2207.0,2074.0,11409.0,1444.0,1739.0,604.0,1284.0,961.0
Apr 1941,7439.0,1551.0,4585.0,2232.0,2138.0,11698.0,1458.0,1772.0,609.0,1305.0,681.0
May 1941,7493.0,1558.0,4642.0,2259.0,2110.0,11957.0,1460.0,1784.0,613.0,1327.0,979.0
Jun 1941,7563.0,1563.0,4701.0,2277.0,2133.0,12204.0,1468.0,1791.0,615.0,1345.0,990.0
Jul 1941,7639.0,1575.0,4750.0,2301.0,2151.0,12382.0,1475.0,1881.0,619.0,1363.0,1001.0
Aug 1941,7711.0,1583.0,4821.0,2317.0,2172.0,12532.0,1478.0,1918.0,623.0,1376.0,1013.0
Sep 1941,7722.0,1587.0,4891.0,2326.0,2175.0,12683.0,1482.0,1939.0,624.0,1386.0,1020.0
Oct 1941,7715.0,1594.0,4907.0,2336.0,2165.0,12770.0,1482.0,1935.0,627.0,1396.0,1022.0
Nov 1941,7710.0,1601.0,4949.0,2344.0,2165.0,12810.0,1481.0,1915.0,629.0,1399.0,1021.0
Dec 1941,7694.0,1606.0,4971.0,2351.0,2165.0,12876.0,1481.0,1903.0,632.0,1401.0,1024.0
Jan 1942,7689.0,1611.0,5089.0,2362.0,2161.0,12965.0,1485.0,1914.0,634.0,1408.0,1029.0
Feb 1942,7664.0,1608.0,5146.0,2365.0,2154.0,13127.0,1480.0,1900.0,632.0,1415.0,1021.0
Mar 1942,7631.0,1615.0,5257.0,2377.0,2149.0,13311.0,1478.0,2042.0,635.0,1426.0,1014.0
Apr 1942,7591.0,1623.0,5357.0,2394.0,2141.0,13509.0,1468.0,2170.0,637.0,1440.0,1022.0
May 1942,7625.0,1626.0,5431.0,2403.0,2137.0,13704.0,1460.0,2271.0,639.0,1450.0,1025.0
Jun 1942,7559.0,1632.0,5510.0,2413.0,2123.0,13842.0,1453.0,2380.0,641.0,1457.0,1019.0
Jul 1942,7549.0,1640.0,5591.0,2429.0,2118.0,14072.0,1446.0,2494.0,644.0,1471.0,1018.0
Aug 1942,7563.0,1644.0,5814.0,2442.0,2124.0,14339.0,1441.0,2478.0,646.0,1486.0,1011.0
Sep 1942,7570.0,1647.0,5866.0,2454.0,2118.0,14582.0,1440.0,2433.0,647.0,1500.0,1002.0
Oct 1942,7597.0,1649.0,5956.0,2463.0,2132.0,14772.0,1439.0,2352.0,647.0,1514.0,994.0
Nov 1942,7580.0,1645.0,6026.0,2470.0,2126.0,14971.0,1434.0,2260.0,646.0,1527.0,989.0
Dec 1942,7565.0,1645.0,6072.0,2482.0,2118.0,15288.0,1432.0,2136.0,646.0,1547.0,984.0
Jan 1943,7571.0,1649.0,6132.0,2498.0,2115.0,15532.0,1427.0,2064.0,648.0,1562.0,974.0
Feb 1943,7564.0,1653.0,6223.0,2509.0,2113.0,15685.0,1427.0,2022.0,649.0,1570.0,978.0
Mar 1943,7572.0,1655.0,6257.0,2515.0,2112.0,15856.0,1426.0,1954.0,650.0,1582.0,973.0
Apr 1943,7612.0,1655.0,6267.0,2519.0,2139.0,15961.0,1432.0,1854.0,650.0,1590.0,968.0
May 1943,7601.0,1656.0,6281.0,2521.0,2118.0,16044.0,1435.0,1737.0,651.0,1594.0,958.0
Jun 1943,7640.0,1658.0,6324.0,2528.0,2128.0,16204.0,1446.0,1639.0,651.0,1606.0,957.0
Jul 1943,7653.0,1658.0,6257.0,2531.0,2125.0,16306.0,1435.0,1516.0,651.0,1614.0,954.0
Aug 1943,7637.0,1658.0,6151.0,2532.0,2122.0,16369.0,1428.0,1433.0,651.0,1618.0,947.0
Sep 1943,7635.0,1663.0,6167.0,2537.0,2115.0,16366.0,1430.0,1357.0,653.0,1619.0,950.0
Oct 1943,7652.0,1666.0,6170.0,2546.0,2133.0,16512.0,1427.0,1334.0,654.0,1631.0,950.0
Nov 1943,7685.0,1671.0,6179.0,2558.0,2142.0,16598.0,1429.0,1320.0,656.0,1640.0,943.0
Dec 1943,7612.0,1674.0,6271.0,2557.0,2112.0,16526.0,1431.0,1316.0,657.0,1640.0,950.0
Jan 1944,7710.0,1661.0,6162.0,2552.0,2139.0,16439.0,1426.0,1323.0,654.0,1641.0,947.0
Feb 1944,7741.0,1668.0,6129.0,2556.0,2142.0,16330.0,1425.0,1300.0,654.0,1645.0,948.0
Mar 1944,7754.0,1670.0,6113.0,2549.0,2138.0,16170.0,1423.0,1237.0,655.0,1643.0,942.0
Apr 1944,7770.0,1667.0,6112.0,2540.0,2138.0,16012.0,1419.0,1172.0,653.0,1640.0,940.0
May 1944,7788.0,1666.0,6121.0,2536.0,2135.0,15944.0,1416.0,1149.0,653.0,1639.0,938.0
Jun 1944,7796.0,1671.0,6147.0,2535.0,2136.0,15890.0,1423.0,1123.0,655.0,1637.0,934.0
Jul 1944,7817.0,1668.0,6190.0,2529.0,2145.0,15832.0,1409.0,1103.0,653.0,1633.0,925.0
Aug 1944,7830.0,1669.0,6204.0,2527.0,2149.0,15781.0,1403.0,1081.0,653.0,1631.0,922.0
Sep 1944,7836.0,1667.0,6216.0,2523.0,2139.0,15662.0,1407.0,1036.0,653.0,1626.0,914.0
Oct 1944,7846.0,1665.0,6223.0,2519.0,2154.0,15630.0,1406.0,1085.0,652.0,1622.0,906.0
Nov 1944,7850.0,1667.0,6263.0,2524.0,2159.0,15568.0,1406.0,1095.0,653.0,1625.0,901.0
Dec 1944,7799.0,1668.0,6375.0,2525.0,2135.0,15659.0,1405.0,1113.0,653.0,1634.0,894.0
Jan 1945,7890.0,1659.0,6254.0,2527.0,2170.0,15669.0,1407.0,1143.0,652.0,1631.0,893.0
Feb 1945,7923.0,1667.0,6239.0,2533.0,2179.0,15581.0,1405.0,1191.0,653.0,1634.0,892.0
Mar 1945,7966.0,1666.0,6216.0,2528.0,2188.0,15473.0,1404.0,1179.0,652.0,1636.0,890.0
Apr 1945,7908.0,1666.0,6185.0,2519.0,2147.0,15335.0,1403.0,1148.0,652.0,1628.0,855.0
May 1945,7963.0,1666.0,6159.0,2512.0,2166.0,15201.0,1407.0,1138.0,652.0,1620.0,820.0
Jun 1945,7962.0,1681.0,6181.0,2512.0,2171.0,14948.0,1416.0,1133.0,658.0,1609.0,878.0
Jul 1945,8006.0,1692.0,6185.0,2512.0,2182.0,14599.0,1428.0,1144.0,662.0,1596.0,868.0
Aug 1945,8022.0,1706.0,6135.0,2506.0,2194.0,14201.0,1437.0,1159.0,667.0,1576.0,863.0
Sep 1945,8091.0,1711.0,5942.0,2447.0,2215.0,12486.0,1449.0,1143.0,668.0,1498.0,857.0
Oct 1945,8153.0,1733.0,5854.0,2466.0,2242.0,12487.0,1463.0,1231.0,677.0,1499.0,795.0
Nov 1945,8258.0,1753.0,5830.0,2498.0,2274.0,12537.0,1483.0,1291.0,684.0,1517.0,871.0
Dec 1945,8278.0,1773.0,5811.0,2514.0,2264.0,12528.0,1505.0,1336.0,692.0,1529.0,880.0
Jan 1946,8518.0,1797.0,5785.0,2560.0,2350.0,12719.0,1540.0,1421.0,705.0,1543.0,891.0
Feb 1946,8615.0,1819.0,5778.0,2550.0,2392.0,11922.0,1560.0,1501.0,710.0,1512.0,885.0
Mar 1946,8719.0,1839.0,5758.0,2596.0,2413.0,12545.0,1582.0,1581.0,718.0,1553.0,891.0
Apr 1946,8856.0,1857.0,5761.0,2635.0,2458.0,13200.0,1599.0,1639.0,726.0,1582.0,600.0
May 1946,8841.0,1869.0,5732.0,2650.0,2461.0,13389.0,1615.0,1679.0,731.0,1575.0,807.0
Jun 1946,8879.0,1880.0,5680.0,2670.0,2477.0,13598.0,1625.0,1697.0,735.0,1583.0,911.0
Jul 1946,8969.0,1886.0,5682.0,2691.0,2496.0,13771.0,1630.0,1761.0,738.0,1600.0,929.0
Aug 1946,9076.0,1904.0,5681.0,2717.0,2535.0,13981.0,1638.0,1808.0,745.0,1618.0,939.0
Sep 1946,9092.0,1932.0,5669.0,2747.0,2536.0,14135.0,1646.0,1836.0,756.0,1625.0,941.0
Oct 1946,9143.0,1933.0,5664.0,2756.0,2545.0,14182.0,1658.0,1875.0,756.0,1636.0,945.0
Nov 1946,9224.0,1945.0,5639.0,2778.0,2579.0,14310.0,1666.0,1901.0,761.0,1646.0,946.0
Dec 1946,9209.0,1956.0,5628.0,2779.0,2564.0,14301.0,1668.0,1931.0,765.0,1646.0,932.0
Jan 1947,9259.0,1976.0,5619.0,2805.0,2587.0,14328.0,1648.0,1927.0,775.0,1653.0,958.0
Feb 1947,9276.0,1986.0,5606.0,2813.0,2600.0,14278.0,1647.0,1960.0,777.0,1652.0,962.0
Mar 1947,9313.0,1992.0,5588.0,2817.0,2612.0,14259.0,1649.0,1972.0,778.0,1662.0,965.0
Apr 1947,9263.0,1997.0,5558.0,2814.0,2620.0,14240.0,1657.0,1992.0,781.0,1631.0,946.0
May 1947,9359.0,2005.0,5551.0,2823.0,2637.0,14189.0,1661.0,2015.0,783.0,1643.0,972.0
Jun 1947,9431.0,2013.0,5524.0,2834.0,2649.0,14200.0,1663.0,2076.0,786.0,1657.0,977.0
Jul 1947,9472.0,2020.0,5524.0,2839.0,2659.0,14076.0,1680.0,2077.0,789.0,1654.0,953.0
Aug 1947,9492.0,2024.0,5519.0,2847.0,2666.0,14200.0,1682.0,2095.0,791.0,1659.0,985.0
Sep 1947,9557.0,2030.0,5539.0,2859.0,2673.0,14315.0,1689.0,2094.0,793.0,1665.0,989.0
Oct 1947,9589.0,2039.0,5566.0,2870.0,2690.0,14393.0,1694.0,2109.0,797.0,1667.0,997.0
Nov 1947,9596.0,2044.0,5585.0,2877.0,2697.0,14414.0,1701.0,2101.0,799.0,1668.0,1002.0
Dec 1947,9600.0,2049.0,5605.0,2882.0,2695.0,14428.0,1707.0,2130.0,801.0,1679.0,1005.0
Jan 1948,9609.0,2047.0,5624.0,2885.0,2704.0,14438.0,1714.0,2179.0,802.0,1669.0,1008.0
Feb 1948,9635.0,2051.0,5615.0,2885.0,2706.0,14339.0,1722.0,2105.0,802.0,1670.0,1003.0
Mar 1948,9642.0,2058.0,5623.0,2894.0,2713.0,14364.0,1727.0,2163.0,804.0,1678.0,1017.0
Apr 1948,9583.0,2069.0,5643.0,2891.0,2697.0,14183.0,1732.0,2202.0,809.0,1653.0,917.0
May 1948,9697.0,2074.0,5681.0,2904.0,2720.0,14235.0,1737.0,2245.0,811.0,1664.0,1028.0
Jun 1948,9711.0,2082.0,5736.0,2912.0,2729.0,14318.0,1747.0,2280.0,814.0,1670.0,1035.0
Jul 1948,9752.0,2084.0,5774.0,2920.0,2736.0,14359.0,1753.0,2284.0,815.0,1677.0,1006.0
Aug 1948,9746.0,2088.0,5791.0,2920.0,2739.0,14353.0,1753.0,2269.0,816.0,1670.0,1033.0
Sep 1948,9753.0,2090.0,5805.0,2923.0,2736.0,14441.0,1758.0,2264.0,817.0,1671.0,1036.0
Oct 1948,9759.0,2087.0,5829.0,2917.0,2735.0,14390.0,1749.0,2263.0,816.0,1670.0,1030.0
Nov 1948,9753.0,2088.0,5869.0,2915.0,2737.0,14292.0,1752.0,2280.0,816.0,1663.0,1027.0
Dec 1948,9739.0,2096.0,5888.0,2914.0,2743.0,14086.0,1754.0,2306.0,819.0,1662.0,1025.0
Jan 1949,9693.0,2080.0,5894.0,2892.0,2730.0,13867.0,1756.0,2292.0,815.0,1638.0,1011.0
Feb 1949,9675.0,2088.0,5893.0,2888.0,2734.0,13734.0,1755.0,2275.0,817.0,1628.0,1010.0
Mar 1949,9605.0,2083.0,5915.0,2876.0,2727.0,13581.0,1759.0,2264.0,815.0,1612.0,1003.0
Apr 1949,9687.0,2092.0,5948.0,2882.0,2760.0,13439.0,1760.0,2243.0,818.0,1604.0,1003.0
May 1949,9644.0,2097.0,5962.0,2877.0,2735.0,13269.0,1761.0,2232.0,820.0,1596.0,991.0
Jun 1949,9583.0,2095.0,5956.0,2865.0,2725.0,13178.0,1760.0,2197.0,819.0,1585.0,976.0
Jul 1949,9516.0,2098.0,5962.0,2860.0,2718.0,13067.0,1762.0,2202.0,821.0,1572.0,953.0
Aug 1949,9491.0,2098.0,5985.0,2858.0,2715.0,13158.0,1765.0,2208.0,820.0,1565.0,961.0
Sep 1949,9524.0,2104.0,5990.0,2864.0,2729.0,13225.0,1779.0,2223.0,823.0,1564.0,955.0
Oct 1949,9442.0,2106.0,5970.0,2832.0,2719.0,12891.0,1778.0,2218.0,824.0,1532.0,630.0
Nov 1949,9432.0,2109.0,5950.0,2847.0,2715.0,12882.0,1784.0,2229.0,825.0,1540.0,929.0
Dec 1949,9470.0,2113.0,5952.0,2863.0,2735.0,13062.0,1788.0,2207.0,826.0,1558.0,948.0
Jan 1950,9475.0,2105.0,5934.0,2861.0,2717.0,13161.0,1793.0,2216.0,824.0,1562.0,878.0
Feb 1950,9461.0,2114.0,5926.0,2856.0,2720.0,13169.0,1799.0,2228.0,827.0,1559.0,638.0
Mar 1950,9477.0,2113.0,6078.0,2876.0,2727.0,13290.0,1804.0,2241.0,827.0,1570.0,951.0
Apr 1950,9569.0,2127.0,6094.0,2904.0,2740.0,13471.0,1810.0,2293.0,833.0,1587.0,954.0
May 1950,9553.0,2135.0,6043.0,2916.0,2751.0,13780.0,1818.0,2345.0,836.0,1586.0,955.0
Jun 1950,9647.0,2143.0,6022.0,2938.0,2765.0,13923.0,1822.0,2408.0,839.0,1619.0,957.0
Jul 1950,9719.0,2150.0,6090.0,2954.0,2777.0,14072.0,1825.0,2454.0,841.0,1634.0,938.0
Aug 1950,9810.0,2159.0,6187.0,2982.0,2801.0,14461.0,1833.0,2491.0,845.0,1658.0,965.0
Sep 1950,9858.0,2161.0,6228.0,2990.0,2801.0,14561.0,1844.0,2512.0,846.0,1670.0,967.0
Oct 1950,9867.0,2166.0,6249.0,3000.0,2803.0,14737.0,1843.0,2546.0,848.0,1681.0,966.0
Nov 1950,9860.0,2171.0,6262.0,3007.0,2807.0,14762.0,1847.0,2564.0,850.0,1684.0,962.0
Dec 1950,9857.0,2178.0,6314.0,3017.0,2818.0,14782.0,1852.0,2542.0,853.0,1689.0,959.0
Jan 1951,9941.0,2187.0,6352.0,3037.0,2838.0,14950.0,1857.0,2609.0,857.0,1701.0,959.0
Feb 1951,9996.0,2195.0,6382.0,3049.0,2853.0,15076.0,1864.0,2628.0,859.0,1713.0,962.0
Mar 1951,10092.0,2204.0,6410.0,3065.0,2894.0,15125.0,1869.0,2670.0,863.0,1722.0,959.0
Apr 1951,10031.0,2208.0,6451.0,3070.0,2828.0,15166.0,1873.0,2696.0,864.0,1726.0,948.0
May 1951,10080.0,2212.0,6417.0,3073.0,2873.0,15164.0,1879.0,2711.0,866.0,1723.0,954.0
Jun 1951,10083.0,2219.0,6499.0,3077.0,2880.0,15176.0,1886.0,2692.0,869.0,1725.0,958.0
Jul 1951,10100.0,2226.0,6538.0,3082.0,2883.0,15110.0,1892.0,2692.0,871.0,1722.0,945.0
Aug 1951,10083.0,2235.0,6519.0,3087.0,2888.0,15061.0,1899.0,2689.0,875.0,1717.0,959.0
Sep 1951,10084.0,2233.0,6552.0,3082.0,2887.0,14996.0,1906.0,2674.0,874.0,1714.0,952.0
Oct 1951,10094.0,2238.0,6577.0,3085.0,2887.0,14973.0,1906.0,2699.0,876.0,1713.0,958.0
Nov 1951,10149.0,2244.0,6626.0,3095.0,2898.0,14999.0,1921.0,2660.0,879.0,1718.0,958.0
Dec 1951,10149.0,2248.0,6688.0,3101.0,2904.0,15045.0,1925.0,2696.0,880.0,1721.0,957.0
Jan 1952,10177.0,2257.0,6589.0,3113.0,2906.0,15067.0,1925.0,2694.0,884.0,1726.0,958.0
Feb 1952,10202.0,2267.0,6650.0,3123.0,2912.0,15105.0,1936.0,2754.0,888.0,1731.0,954.0
Mar 1952,10207.0,2266.0,6662.0,3125.0,2905.0,15127.0,1944.0,2691.0,888.0,1732.0,957.0
Apr 1952,10261.0,2270.0,6662.0,3129.0,2927.0,15162.0,1952.0,2688.0,889.0,1724.0,956.0
May 1952,10243.0,2277.0,6694.0,3134.0,2933.0,15143.0,1957.0,2687.0,892.0,1728.0,954.0
Jun 1952,10251.0,2277.0,6712.0,3118.0,2939.0,14828.0,1961.0,2717.0,892.0,1713.0,874.0
Jul 1952,10238.0,2280.0,6737.0,3112.0,2949.0,14707.0,1971.0,2713.0,893.0,1695.0,848.0
Aug 1952,10287.0,2286.0,6718.0,3147.0,2958.0,15279.0,1973.0,2718.0,896.0,1731.0,931.0
Sep 1952,10337.0,2289.0,6734.0,3160.0,2972.0,15553.0,1978.0,2723.0,897.0,1747.0,930.0
Oct 1952,10378.0,2292.0,6816.0,3172.0,2986.0,15690.0,1984.0,2695.0,898.0,1759.0,927.0
Nov 1952,10408.0,2297.0,6801.0,3184.0,2995.0,15843.0,1990.0,2707.0,900.0,1768.0,923.0
Dec 1952,10435.0,2306.0,6935.0,3199.0,3005.0,15973.0,1996.0,2714.0,904.0,1776.0,923.0
Jan 1953,10440.0,2300.0,6794.0,3199.0,3006.0,16067.0,2004.0,2728.0,902.0,1778.0,926.0
Feb 1953,10463.0,2309.0,6797.0,3211.0,3017.0,16158.0,2011.0,2764.0,906.0,1784.0,919.0
Mar 1953,10501.0,2316.0,6784.0,3220.0,3027.0,16270.0,2016.0,2728.0,908.0,1792.0,911.0
Apr 1953,10482.0,2322.0,6770.0,3228.0,2999.0,16293.0,2021.0,2707.0,911.0,1794.0,908.0
May 1953,10510.0,2327.0,6717.0,3235.0,3032.0,16341.0,2026.0,2684.0,913.0,1800.0,905.0
Jun 1953,10517.0,2335.0,6734.0,3240.0,3036.0,16343.0,2032.0,2663.0,916.0,1800.0,903.0
Jul 1953,10521.0,2339.0,6723.0,3245.0,3037.0,16353.0,2042.0,2657.0,917.0,1802.0,900.0
Aug 1953,10510.0,2344.0,6754.0,3246.0,3041.0,16278.0,2045.0,2657.0,919.0,1796.0,899.0
Sep 1953,10495.0,2355.0,6749.0,3246.0,3039.0,16151.0,2048.0,2680.0,923.0,1787.0,895.0
Oct 1953,10504.0,2354.0,6764.0,3240.0,3047.0,15981.0,2054.0,2707.0,923.0,1776.0,890.0
Nov 1953,10474.0,2356.0,6749.0,3230.0,3040.0,15728.0,2059.0,2701.0,924.0,1761.0,886.0
Dec 1953,10434.0,2357.0,6743.0,3223.0,3035.0,15581.0,2067.0,2713.0,924.0,1747.0,879.0
Jan 1954,10417.0,2354.0,6760.0,3212.0,3032.0,15440.0,2075.0,2651.0,923.0,1733.0,872.0
Feb 1954,10396.0,2358.0,6783.0,3207.0,3031.0,15307.0,2082.0,2709.0,925.0,1720.0,864.0
Mar 1954,10327.0,2360.0,6796.0,3198.0,3012.0,15197.0,2089.0,2703.0,926.0,1701.0,848.0
Apr 1954,10431.0,2366.0,6806.0,3202.0,3043.0,15065.0,2100.0,2701.0,928.0,1701.0,836.0
May 1954,10327.0,2372.0,6829.0,3201.0,3028.0,14974.0,2108.0,2680.0,931.0,1693.0,822.0
Jun 1954,10304.0,2380.0,6846.0,3203.0,3025.0,14910.0,2114.0,2669.0,934.0,1689.0,821.0
Jul 1954,10316.0,2393.0,6868.0,3208.0,3031.0,14799.0,2119.0,2664.0,938.0,1682.0,817.0
Aug 1954,10304.0,2397.0,6892.0,3211.0,3033.0,14772.0,2121.0,2666.0,940.0,1677.0,813.0
Sep 1954,10300.0,2411.0,6894.0,3221.0,3034.0,14805.0,2142.0,2661.0,945.0,1678.0,795.0
Oct 1954,10298.0,2404.0,6900.0,3219.0,3033.0,14841.0,2146.0,2677.0,944.0,1677.0,803.0
Nov 1954,10319.0,2409.0,6964.0,3228.0,3041.0,14913.0,2154.0,2720.0,946.0,1681.0,805.0
Dec 1954,10356.0,2417.0,6957.0,3238.0,3060.0,14967.0,2160.0,2736.0,949.0,1686.0,805.0
Jan 1955,10382.0,2428.0,6953.0,3250.0,3063.0,15034.0,2165.0,2769.0,953.0,1693.0,806.0
Feb 1955,10400.0,2435.0,6923.0,3262.0,3070.0,15138.0,2171.0,2779.0,956.0,1701.0,809.0
Mar 1955,10455.0,2444.0,6938.0,3277.0,3088.0,15258.0,2181.0,2835.0,959.0,1710.0,817.0
Apr 1955,10504.0,2458.0,6959.0,3293.0,3106.0,15375.0,2188.0,2871.0,965.0,1708.0,821.0
May 1955,10518.0,2467.0,6991.0,3310.0,3116.0,15493.0,2194.0,2903.0,968.0,1725.0,827.0
Jun 1955,10579.0,2478.0,7020.0,3328.0,3132.0,15585.0,2208.0,2916.0,973.0,1741.0,830.0
Jul 1955,10626.0,2496.0,7049.0,3347.0,3149.0,15614.0,2220.0,2932.0,980.0,1744.0,830.0
Aug 1955,10660.0,2509.0,7023.0,3361.0,3162.0,15679.0,2228.0,2922.0,985.0,1751.0,831.0
Sep 1955,10711.0,2525.0,7067.0,3375.0,3180.0,15668.0,2237.0,2921.0,991.0,1753.0,838.0
Oct 1955,10714.0,2541.0,7118.0,3393.0,3185.0,15740.0,2243.0,2901.0,997.0,1756.0,841.0
Nov 1955,10777.0,2554.0,7083.0,3409.0,3198.0,15813.0,2248.0,2898.0,1002.0,1767.0,843.0
Dec 1955,10829.0,2563.0,7132.0,3420.0,3218.0,15859.0,2258.0,2903.0,1006.0,1771.0,846.0
Jan 1956,10859.0,2572.0,7167.0,3432.0,3230.0,15882.0,2267.0,2933.0,1009.0,1774.0,850.0
Feb 1956,10891.0,2583.0,7212.0,3442.0,3241.0,15889.0,2276.0,2986.0,1014.0,1777.0,856.0
Mar 1956,10958.0,2591.0,7252.0,3451.0,3272.0,15829.0,2285.0,2999.0,1017.0,1777.0,863.0
Apr 1956,10919.0,2592.0,7276.0,3455.0,3232.0,15909.0,2290.0,3033.0,1017.0,1783.0,869.0
May 1956,10926.0,2591.0,7367.0,3455.0,3245.0,15893.0,2296.0,3073.0,1017.0,1784.0,859.0
Jun 1956,10923.0,2592.0,7367.0,3455.0,3245.0,15835.0,2300.0,3202.0,1017.0,1782.0,868.0
Jul 1956,10860.0,2578.0,7405.0,3423.0,3231.0,15468.0,2303.0,3117.0,1012.0,1753.0,805.0
Aug 1956,10897.0,2579.0,7451.0,3445.0,3232.0,15893.0,2315.0,3160.0,1014.0,1776.0,869.0
Sep 1956,10883.0,2595.0,7481.0,3454.0,3227.0,15863.0,2308.0,3129.0,1018.0,1778.0,868.0
Oct 1956,10901.0,2607.0,7519.0,3469.0,3244.0,15937.0,2312.0,3113.0,1023.0,1784.0,868.0
Nov 1956,10912.0,2617.0,7553.0,3476.0,3248.0,15916.0,2319.0,3105.0,1027.0,1783.0,865.0
Dec 1956,10926.0,2625.0,7584.0,3484.0,3249.0,15957.0,2318.0,3106.0,1030.0,1787.0,863.0
Jan 1957,10911.0,2639.0,7620.0,3496.0,3245.0,15970.0,2320.0,2996.0,1035.0,1788.0,867.0
Feb 1957,10942.0,2652.0,7646.0,3509.0,3257.0,15998.0,2326.0,3065.0,1041.0,1791.0,870.0
Mar 1957,10952.0,2656.0,7672.0,3514.0,3258.0,15994.0,2330.0,3073.0,1042.0,1796.0,869.0
Apr 1957,11014.0,2662.0,7701.0,3520.0,3282.0,15970.0,2333.0,3048.0,1044.0,1795.0,869.0
May 1957,10956.0,2675.0,7713.0,3527.0,3266.0,15931.0,2338.0,3035.0,1049.0,1792.0,868.0
Jun 1957,10931.0,2680.0,7702.0,3527.0,3268.0,15873.0,2345.0,3035.0,1051.0,1786.0,869.0
Jul 1957,10948.0,2686.0,7754.0,3530.0,3277.0,15854.0,2355.0,3011.0,1053.0,1785.0,870.0
Aug 1957,10951.0,2685.0,7757.0,3533.0,3278.0,15867.0,2355.0,2986.0,1054.0,1787.0,875.0
Sep 1957,10941.0,2696.0,7749.0,3533.0,3280.0,15710.0,2354.0,2971.0,1057.0,1779.0,864.0
Oct 1957,10894.0,2695.0,7768.0,3526.0,3270.0,15599.0,2364.0,2965.0,1057.0,1768.0,857.0
Nov 1957,10863.0,2696.0,7769.0,3516.0,3270.0,15466.0,2374.0,2945.0,1057.0,1753.0,849.0
Dec 1957,10804.0,2690.0,7846.0,3502.0,3257.0,15332.0,2378.0,2935.0,1056.0,1740.0,844.0
Jan 1958,10775.0,2681.0,7821.0,3484.0,3256.0,15130.0,2383.0,2925.0,1052.0,1722.0,847.0
Feb 1958,10702.0,2676.0,7832.0,3465.0,3238.0,14908.0,2380.0,2792.0,1050.0,1704.0,829.0
Mar 1958,10647.0,2676.0,7848.0,3452.0,3229.0,14670.0,2378.0,2853.0,1050.0,1684.0,812.0
Apr 1958,10607.0,2676.0,7868.0,3441.0,3220.0,14506.0,2379.0,2823.0,1050.0,1666.0,791.0
May 1958,10583.0,2678.0,7894.0,3438.0,3219.0,14414.0,2385.0,2815.0,1051.0,1658.0,779.0
Jun 1958,10575.0,2681.0,7926.0,3439.0,3221.0,14408.0,2381.0,2796.0,1052.0,1655.0,780.0
Jul 1958,10579.0,2689.0,7972.0,3445.0,3226.0,14450.0,2380.0,2807.0,1055.0,1655.0,781.0
Aug 1958,10581.0,2698.0,8012.0,3457.0,3237.0,14524.0,2385.0,2833.0,1060.0,1656.0,790.0
Sep 1958,10613.0,2708.0,8016.0,3471.0,3251.0,14658.0,2390.0,2874.0,1063.0,1663.0,799.0
Oct 1958,10650.0,2720.0,8031.0,3479.0,3260.0,14503.0,2395.0,2917.0,1067.0,1665.0,798.0
Nov 1958,10676.0,2724.0,8028.0,3495.0,3269.0,14827.0,2396.0,2982.0,1068.0,1678.0,801.0
Dec 1958,10700.0,2741.0,8100.0,3508.0,3287.0,14877.0,2402.0,2910.0,1075.0,1680.0,805.0
Jan 1959,10774.0,2765.0,8105.0,3540.0,3298.0,14998.0,2418.0,2993.0,1085.0,1697.0,805.0
Feb 1959,10816.0,2778.0,8116.0,3556.0,3319.0,15115.0,2420.0,2980.0,1090.0,1703.0,795.0
Mar 1959,10873.0,2789.0,8132.0,3573.0,3341.0,15259.0,2430.0,3013.0,1094.0,1713.0,797.0
Apr 1959,10905.0,2804.0,8142.0,3594.0,3346.0,15385.0,2439.0,3085.0,1100.0,1722.0,799.0
May 1959,10949.0,2814.0,8153.0,3611.0,3364.0,15487.0,2447.0,3087.0,1104.0,1730.0,804.0
Jun 1959,10968.0,2822.0,8143.0,3620.0,3371.0,15554.0,2454.0,3100.0,1107.0,1734.0,808.0
Jul 1959,10977.0,2824.0,8173.0,3623.0,3373.0,15623.0,2460.0,3087.0,1108.0,1737.0,819.0
Aug 1959,11004.0,2827.0,8181.0,3609.0,3382.0,15202.0,2464.0,3085.0,1110.0,1710.0,762.0
Sep 1959,10991.0,2842.0,8239.0,3622.0,3382.0,15254.0,2470.0,3051.0,1115.0,1715.0,747.0
Oct 1959,10994.0,2854.0,8265.0,3626.0,3390.0,15158.0,2477.0,3016.0,1119.0,1708.0,751.0
Nov 1959,11014.0,2865.0,8284.0,3642.0,3398.0,15300.0,2483.0,3025.0,1124.0,1716.0,783.0
Dec 1959,11068.0,2880.0,8368.0,3668.0,3411.0,15573.0,2491.0,3058.0,1130.0,1733.0,794.0
Jan 1960,11095.0,2893.0,8307.0,3685.0,3431.0,15687.0,2496.0,3021.0,1135.0,1741.0,783.0
Feb 1960,11130.0,2907.0,8326.0,3701.0,3451.0,15765.0,2506.0,3053.0,1140.0,1747.0,787.0
Mar 1960,11117.0,2907.0,8525.0,3695.0,3438.0,15707.0,2513.0,2881.0,1140.0,1746.0,785.0
Apr 1960,11279.0,2919.0,8534.0,3712.0,3511.0,15654.0,2520.0,3004.0,1145.0,1747.0,788.0
May 1960,11157.0,2928.0,8432.0,3713.0,3461.0,15575.0,2523.0,3021.0,1148.0,1739.0,778.0
Jun 1960,11147.0,2938.0,8432.0,3715.0,3462.0,15466.0,2528.0,2999.0,1152.0,1734.0,775.0
Jul 1960,11142.0,2947.0,8442.0,3718.0,3465.0,15413.0,2536.0,3002.0,1156.0,1730.0,755.0
Aug 1960,11141.0,2949.0,8472.0,3718.0,3463.0,15360.0,2543.0,2973.0,1157.0,1724.0,772.0
Sep 1960,11124.0,2948.0,8494.0,3717.0,3462.0,15330.0,2549.0,2959.0,1156.0,1720.0,768.0
Oct 1960,11117.0,2960.0,8502.0,3720.0,3468.0,15231.0,2548.0,2956.0,1161.0,1714.0,765.0
Nov 1960,11076.0,2968.0,8516.0,3717.0,3459.0,15112.0,2557.0,2936.0,1164.0,1705.0,751.0
Dec 1960,11045.0,2972.0,8597.0,3710.0,3454.0,14947.0,2560.0,2862.0,1165.0,1691.0,739.0
Jan 1961,11038.0,2980.0,8564.0,3714.0,3458.0,14863.0,2565.0,2909.0,1168.0,1688.0,736.0
Feb 1961,10991.0,2985.0,8587.0,3712.0,3445.0,14801.0,2567.0,2888.0,1170.0,1682.0,729.0
Mar 1961,11011.0,2995.0,8611.0,3720.0,3463.0,14802.0,2567.0,2910.0,1174.0,1680.0,726.0
Apr 1961,10973.0,2999.0,8629.0,3723.0,3444.0,14825.0,2573.0,2883.0,1176.0,1678.0,724.0
May 1961,10976.0,3003.0,8664.0,3732.0,3448.0,14932.0,2580.0,2866.0,1177.0,1683.0,725.0
Jun 1961,10993.0,3016.0,8688.0,3746.0,3459.0,14981.0,2587.0,2907.0,1183.0,1687.0,730.0
Jul 1961,11028.0,3029.0,8724.0,3760.0,3468.0,15029.0,2592.0,2883.0,1188.0,1694.0,728.0
Aug 1961,11030.0,3043.0,8764.0,3775.0,3472.0,15093.0,2599.0,2902.0,1193.0,1697.0,730.0
Sep 1961,11036.0,3059.0,8796.0,3790.0,3475.0,15080.0,2604.0,2918.0,1199.0,1699.0,732.0
Oct 1961,11049.0,3069.0,8805.0,3799.0,3481.0,15143.0,2608.0,2935.0,1203.0,1703.0,727.0
Nov 1961,11079.0,3082.0,8812.0,3814.0,3497.0,15259.0,2614.0,2941.0,1208.0,1709.0,727.0
Dec 1961,11079.0,3097.0,8836.0,3828.0,3506.0,15309.0,2621.0,2951.0,1214.0,1710.0,721.0
Jan 1962,11096.0,3108.0,8851.0,3838.0,3507.0,15322.0,2625.0,2892.0,1218.0,1712.0,722.0
Feb 1962,11134.0,3121.0,8878.0,3854.0,3522.0,15411.0,2630.0,2975.0,1223.0,1717.0,723.0
Mar 1962,11155.0,3132.0,8901.0,3864.0,3529.0,15451.0,2636.0,2941.0,1228.0,1721.0,717.0
Apr 1962,11236.0,3146.0,8922.0,3880.0,3561.0,15524.0,2641.0,3018.0,1233.0,1725.0,716.0
May 1962,11200.0,3161.0,8958.0,3893.0,3551.0,15513.0,2649.0,3025.0,1238.0,1725.0,715.0
Jun 1962,11206.0,3173.0,9000.0,3902.0,3555.0,15518.0,2655.0,2960.0,1243.0,1724.0,708.0
Jul 1962,11196.0,3183.0,9026.0,3908.0,3559.0,15522.0,2659.0,3025.0,1247.0,1720.0,701.0
Aug 1962,11209.0,3194.0,9063.0,3918.0,3566.0,15517.0,2664.0,3027.0,1251.0,1722.0,707.0
Sep 1962,11227.0,3202.0,9089.0,3931.0,3576.0,15568.0,2669.0,3033.0,1255.0,1724.0,704.0
Oct 1962,11235.0,3209.0,9114.0,3939.0,3579.0,15569.0,2676.0,3031.0,1257.0,1731.0,701.0
Nov 1962,11242.0,3215.0,9145.0,3937.0,3588.0,15530.0,2683.0,3035.0,1260.0,1726.0,695.0
Dec 1962,11246.0,3223.0,9126.0,3944.0,3591.0,15520.0,2688.0,3008.0,1263.0,1728.0,691.0
Jan 1963,11216.0,3228.0,9204.0,3943.0,3596.0,15545.0,2696.0,3021.0,1265.0,1710.0,691.0
Feb 1963,11281.0,3234.0,9231.0,3956.0,3601.0,15542.0,2702.0,2997.0,1268.0,1729.0,689.0
Mar 1963,11301.0,3249.0,9245.0,3968.0,3613.0,15564.0,2709.0,2979.0,1273.0,1729.0,690.0
Apr 1963,11374.0,3259.0,9264.0,3980.0,3638.0,15602.0,2715.0,3046.0,1277.0,1730.0,695.0
May 1963,11318.0,3266.0,9288.0,3988.0,3619.0,15641.0,2724.0,3061.0,1280.0,1734.0,697.0
Jun 1963,11332.0,3280.0,9302.0,4000.0,3627.0,15624.0,2726.0,3060.0,1285.0,1736.0,687.0
Jul 1963,11348.0,3289.0,9334.0,4009.0,3632.0,15646.0,2731.0,3088.0,1289.0,1739.0,689.0
Aug 1963,11367.0,3303.0,9368.0,4020.0,3645.0,15644.0,2738.0,3099.0,1294.0,1738.0,694.0
Sep 1963,11388.0,3315.0,9417.0,4036.0,3657.0,15674.0,2742.0,3110.0,1299.0,1741.0,699.0
Oct 1963,11412.0,3337.0,9479.0,4058.0,3671.0,15714.0,2755.0,3104.0,1307.0,1747.0,699.0
Nov 1963,11430.0,3342.0,9484.0,4056.0,3678.0,15675.0,2759.0,3083.0,1309.0,1741.0,698.0
Dec 1963,11440.0,3352.0,9497.0,4064.0,3690.0,15712.0,2769.0,3082.0,1313.0,1743.0,699.0
Jan 1964,11512.0,3371.0,9562.0,4084.0,3707.0,15715.0,2778.0,2996.0,1320.0,1747.0,695.0
Feb 1964,11534.0,3384.0,9581.0,4098.0,3724.0,15742.0,2786.0,3132.0,1326.0,1750.0,696.0
Mar 1964,11588.0,3388.0,9611.0,4102.0,3750.0,15770.0,2793.0,3125.0,1327.0,1751.0,692.0
Apr 1964,11554.0,3406.0,9644.0,4118.0,3716.0,15785.0,2801.0,3113.0,1334.0,1756.0,695.0
May 1964,11588.0,3421.0,9670.0,4133.0,3743.0,15812.0,2806.0,3125.0,1340.0,1758.0,693.0
Jun 1964,11616.0,3433.0,9669.0,4144.0,3762.0,15839.0,2810.0,3147.0,1344.0,1759.0,696.0
Jul 1964,11670.0,3450.0,9677.0,4162.0,3779.0,15887.0,2816.0,3157.0,1351.0,1767.0,696.0
Aug 1964,11708.0,3457.0,9732.0,4174.0,3794.0,15948.0,2819.0,3166.0,1354.0,1771.0,696.0
Sep 1964,11731.0,3477.0,9786.0,4197.0,3803.0,16073.0,2826.0,3171.0,1361.0,1779.0,699.0
Oct 1964,11764.0,3484.0,9845.0,4197.0,3816.0,15821.0,2828.0,3200.0,1364.0,1772.0,702.0
Nov 1964,11801.0,3490.0,9879.0,4211.0,3829.0,16096.0,2833.0,3226.0,1366.0,1783.0,704.0
Dec 1964,11847.0,3499.0,9897.0,4222.0,3845.0,16176.0,2837.0,3233.0,1369.0,1794.0,702.0
Jan 1965,11864.0,3511.0,9937.0,4233.0,3863.0,16245.0,2844.0,3231.0,1374.0,1783.0,697.0
Feb 1965,11929.0,3524.0,9974.0,4250.0,3882.0,16291.0,2849.0,3225.0,1380.0,1796.0,700.0
Mar 1965,11970.0,3536.0,10010.0,4264.0,3887.0,16353.0,2855.0,3241.0,1384.0,1805.0,698.0
Apr 1965,12067.0,3554.0,10051.0,4284.0,3925.0,16418.0,2860.0,3200.0,1391.0,1810.0,699.0
May 1965,12072.0,3569.0,10094.0,4299.0,3934.0,16477.0,2868.0,3269.0,1397.0,1814.0,698.0
Jun 1965,12110.0,3579.0,10128.0,4313.0,3946.0,16554.0,2871.0,3279.0,1401.0,1820.0,689.0
Jul 1965,12143.0,3599.0,10201.0,4334.0,3960.0,16669.0,2880.0,3249.0,1409.0,1828.0,693.0
Aug 1965,12176.0,3608.0,10271.0,4347.0,3969.0,16732.0,2886.0,3303.0,1412.0,1833.0,691.0
Sep 1965,12219.0,3622.0,10338.0,4365.0,3985.0,16802.0,2894.0,3320.0,1417.0,1842.0,686.0
Oct 1965,12260.0,3633.0,10378.0,4380.0,3998.0,16864.0,2904.0,3340.0,1422.0,1849.0,691.0
Nov 1965,12293.0,3646.0,10436.0,4394.0,4015.0,16962.0,2910.0,3365.0,1427.0,1854.0,694.0
Dec 1965,12343.0,3665.0,10499.0,4416.0,4038.0,17051.0,2915.0,3406.0,1434.0,1861.0,694.0
Jan 1966,12385.0,3679.0,10541.0,4433.0,4049.0,17143.0,2921.0,3379.0,1440.0,1867.0,692.0
Feb 1966,12418.0,3695.0,10611.0,4450.0,4060.0,17288.0,2924.0,3336.0,1446.0,1877.0,691.0
Mar 1966,12456.0,3711.0,10692.0,4470.0,4076.0,17400.0,2936.0,3421.0,1452.0,1884.0,694.0
Apr 1966,12511.0,3726.0,10759.0,4490.0,4091.0,17517.0,2942.0,3394.0,1458.0,1892.0,657.0
May 1966,12542.0,3742.0,10821.0,4508.0,4110.0,17625.0,2949.0,3360.0,1464.0,1901.0,690.0
Jun 1966,12598.0,3763.0,10902.0,4532.0,4129.0,17733.0,2959.0,3422.0,1472.0,1910.0,691.0
Jul 1966,12622.0,3781.0,10974.0,4547.0,4143.0,17760.0,2973.0,3420.0,1479.0,1910.0,692.0
Aug 1966,12643.0,3797.0,11006.0,4564.0,4156.0,17882.0,2973.0,3394.0,1485.0,1911.0,696.0
Sep 1966,12684.0,3809.0,11063.0,4580.0,4163.0,17886.0,2978.0,3367.0,1490.0,1928.0,695.0
Oct 1966,12719.0,3828.0,11127.0,4601.0,4173.0,17956.0,2983.0,3340.0,1497.0,1935.0,695.0
Nov 1966,12749.0,3845.0,11203.0,4618.0,4181.0,17981.0,2991.0,3314.0,1503.0,1941.0,693.0
Dec 1966,12787.0,3863.0,11256.0,4634.0,4195.0,17998.0,3002.0,3318.0,1510.0,1944.0,692.0
Jan 1967,12814.0,3883.0,11315.0,4655.0,4201.0,18033.0,3012.0,3329.0,1518.0,1952.0,695.0
Feb 1967,12819.0,3899.0,11353.0,4666.0,4209.0,17978.0,3023.0,3317.0,1524.0,1949.0,692.0
Mar 1967,12864.0,3919.0,11397.0,4681.0,4231.0,17940.0,3037.0,3290.0,1532.0,1950.0,689.0
Apr 1967,12816.0,3939.0,11435.0,4693.0,4209.0,17878.0,3051.0,3277.0,1540.0,1941.0,687.0
May 1967,12892.0,3957.0,11474.0,4709.0,4245.0,17832.0,3065.0,3262.0,1547.0,1952.0,685.0
Jun 1967,12909.0,3975.0,11534.0,4726.0,4259.0,17812.0,3081.0,3264.0,1554.0,1951.0,685.0
Jul 1967,12945.0,3997.0,11544.0,4745.0,4274.0,17784.0,3094.0,3303.0,1562.0,1955.0,685.0
Aug 1967,12969.0,4015.0,11590.0,4764.0,4283.0,17905.0,3110.0,3312.0,1569.0,1956.0,670.0
Sep 1967,12992.0,4036.0,11623.0,4777.0,4306.0,17794.0,3123.0,3314.0,1577.0,1955.0,667.0
Oct 1967,12992.0,4046.0,11642.0,4788.0,4310.0,17800.0,3133.0,3313.0,1582.0,1953.0,666.0
Nov 1967,13066.0,4074.0,11695.0,4824.0,4339.0,17985.0,3146.0,3344.0,1593.0,1970.0,667.0
Dec 1967,13107.0,4090.0,11735.0,4839.0,4361.0,18025.0,3161.0,3345.0,1599.0,1971.0,667.0
Jan 1968,13060.0,4100.0,11794.0,4845.0,4343.0,18040.0,3169.0,3211.0,1603.0,1973.0,666.0
Feb 1968,13146.0,4120.0,11819.0,4866.0,4378.0,18054.0,3182.0,3397.0,1610.0,1977.0,666.0
Mar 1968,13165.0,4126.0,11842.0,4873.0,4388.0,18067.0,3191.0,3388.0,1613.0,1978.0,664.0
Apr 1968,13238.0,4136.0,11878.0,4887.0,4412.0,18131.0,3200.0,3401.0,1617.0,1981.0,675.0
May 1968,13211.0,4154.0,11905.0,4895.0,4424.0,18190.0,3210.0,3390.0,1624.0,1974.0,675.0
Jun 1968,13278.0,4179.0,11987.0,4924.0,4439.0,18228.0,3215.0,3363.0,1633.0,1986.0,673.0
Jul 1968,13320.0,4196.0,12018.0,4944.0,4457.0,18265.0,3231.0,3386.0,1640.0,1991.0,678.0
Aug 1968,13383.0,4216.0,12042.0,4962.0,4482.0,18254.0,3253.0,3417.0,1648.0,1994.0,679.0
Sep 1968,13429.0,4221.0,12067.0,4965.0,4497.0,18252.0,3264.0,3457.0,1650.0,2001.0,681.0
Oct 1968,13476.0,4253.0,12101.0,5001.0,4520.0,18293.0,3283.0,3490.0,1662.0,2006.0,636.0
Nov 1968,13524.0,4283.0,12107.0,5032.0,4539.0,18346.0,3298.0,3486.0,1674.0,2015.0,680.0
Dec 1968,13563.0,4305.0,12145.0,5053.0,4554.0,18410.0,3310.0,3526.0,1682.0,2019.0,681.0
Jan 1969,13580.0,4326.0,12209.0,5073.0,4571.0,18432.0,3326.0,3534.0,1691.0,2019.0,678.0
Feb 1969,13624.0,4348.0,12224.0,5092.0,4591.0,18502.0,3342.0,3575.0,1698.0,2025.0,678.0
Mar 1969,13664.0,4373.0,12229.0,5118.0,4613.0,18558.0,3355.0,3579.0,1709.0,2031.0,676.0
Apr 1969,13728.0,4391.0,12245.0,5139.0,4626.0,18554.0,3371.0,3590.0,1716.0,2041.0,671.0
May 1969,13781.0,4408.0,12284.0,5154.0,4652.0,18588.0,3383.0,3635.0,1722.0,2045.0,676.0
Jun 1969,13848.0,4422.0,12359.0,5174.0,4671.0,18640.0,3401.0,3664.0,1728.0,2052.0,677.0
Jul 1969,13873.0,4441.0,12340.0,5192.0,4685.0,18642.0,3417.0,3664.0,1736.0,2055.0,684.0
Aug 1969,13915.0,4458.0,12373.0,5211.0,4701.0,18767.0,3435.0,3654.0,1742.0,2062.0,690.0
Sep 1969,13931.0,4463.0,12379.0,5207.0,4703.0,18620.0,3438.0,3676.0,1744.0,2061.0,692.0
Oct 1969,13982.0,4493.0,12430.0,5242.0,4729.0,18613.0,3448.0,3672.0,1756.0,2065.0,691.0
Nov 1969,14029.0,4500.0,12448.0,5245.0,4744.0,18467.0,3459.0,3683.0,1759.0,2062.0,690.0
Dec 1969,14057.0,4517.0,12477.0,5258.0,4749.0,18485.0,3472.0,3707.0,1765.0,2062.0,692.0
Jan 1970,14076.0,4531.0,12496.0,5271.0,4756.0,18424.0,3485.0,3615.0,1771.0,2064.0,687.0
Feb 1970,14097.0,4552.0,12518.0,5283.0,4773.0,18361.0,3497.0,3703.0,1778.0,2060.0,683.0
Mar 1970,14124.0,4556.0,12603.0,5287.0,4791.0,18360.0,3512.0,3697.0,1781.0,2059.0,681.0
Apr 1970,14101.0,4567.0,12705.0,5289.0,4780.0,18207.0,3519.0,3669.0,1785.0,2050.0,676.0
May 1970,14108.0,4579.0,12668.0,5289.0,4785.0,18029.0,3525.0,3634.0,1789.0,2045.0,673.0
Jun 1970,14119.0,4574.0,12667.0,5286.0,4782.0,17930.0,3528.0,3636.0,1787.0,2045.0,675.0
Jul 1970,14156.0,4567.0,12697.0,5284.0,4785.0,17877.0,3534.0,3645.0,1785.0,2050.0,673.0
Aug 1970,14146.0,4559.0,12711.0,5272.0,4783.0,17779.0,3538.0,3649.0,1781.0,2042.0,677.0
Sep 1970,14153.0,4593.0,12741.0,5289.0,4797.0,17692.0,3548.0,3618.0,1795.0,2040.0,678.0
Oct 1970,14160.0,4610.0,12793.0,5294.0,4812.0,17173.0,3556.0,3626.0,1801.0,2018.0,678.0
Nov 1970,14133.0,4619.0,12830.0,5295.0,4804.0,17024.0,3568.0,3643.0,1804.0,2011.0,678.0
Dec 1970,14130.0,4623.0,12845.0,5303.0,4825.0,17309.0,3579.0,3688.0,1806.0,2008.0,676.0
Jan 1971,14184.0,4632.0,12878.0,5313.0,4849.0,17280.0,3591.0,3643.0,1810.0,2014.0,671.0
Feb 1971,14203.0,4632.0,12877.0,5309.0,4850.0,17216.0,3599.0,3633.0,1809.0,2014.0,665.0
Mar 1971,14209.0,4642.0,12908.0,5315.0,4866.0,17154.0,3607.0,3674.0,1814.0,2008.0,663.0
Apr 1971,14244.0,4647.0,12945.0,5322.0,4881.0,17149.0,3620.0,3735.0,1816.0,2009.0,668.0
May 1971,14279.0,4658.0,12970.0,5334.0,4894.0,17225.0,3632.0,3750.0,1820.0,2015.0,670.0
Jun 1971,14272.0,4671.0,13008.0,5346.0,4904.0,17139.0,3652.0,3759.0,1825.0,2008.0,670.0
Jul 1971,14295.0,4677.0,13011.0,5351.0,4922.0,17126.0,3658.0,3786.0,1828.0,2009.0,652.0
Aug 1971,14320.0,4672.0,13041.0,5344.0,4935.0,17115.0,3666.0,3786.0,1826.0,1999.0,669.0
Sep 1971,14367.0,4695.0,13068.0,5364.0,4947.0,17154.0,3679.0,3820.0,1836.0,2008.0,676.0
Oct 1971,14355.0,4706.0,13115.0,5376.0,4955.0,17126.0,3690.0,3867.0,1840.0,2001.0,611.0
Nov 1971,14380.0,4722.0,13148.0,5393.0,4966.0,17166.0,3704.0,3903.0,1845.0,2005.0,615.0
Dec 1971,14462.0,4736.0,13190.0,5409.0,4992.0,17202.0,3716.0,3867.0,1851.0,2012.0,672.0
Jan 1972,14520.0,4749.0,13266.0,5426.0,5017.0,17283.0,3723.0,3912.0,1856.0,2019.0,670.0
Feb 1972,14573.0,4764.0,13298.0,5441.0,5040.0,17361.0,3730.0,3888.0,1862.0,2025.0,666.0
Mar 1972,14635.0,4781.0,13329.0,5462.0,5057.0,17447.0,3740.0,3921.0,1869.0,2035.0,668.0
Apr 1972,14669.0,4806.0,13358.0,5485.0,5074.0,17508.0,3753.0,3931.0,1878.0,2040.0,660.0
May 1972,14699.0,4833.0,13416.0,5511.0,5088.0,17602.0,3765.0,3957.0,1889.0,2046.0,663.0
Jun 1972,14758.0,4884.0,13405.0,5561.0,5114.0,17641.0,3791.0,3969.0,1909.0,2054.0,672.0
Jul 1972,14764.0,4879.0,13482.0,5551.0,5123.0,17556.0,3790.0,3939.0,1907.0,2051.0,667.0
Aug 1972,14812.0,4900.0,13530.0,5578.0,5145.0,17741.0,3801.0,3983.0,1914.0,2061.0,676.0
Sep 1972,14831.0,4894.0,13575.0,5574.0,5144.0,17774.0,3810.0,4000.0,1914.0,2066.0,682.0
Oct 1972,14899.0,4930.0,13606.0,5619.0,5182.0,17893.0,3821.0,4038.0,1926.0,2078.0,682.0
Nov 1972,14974.0,4952.0,13643.0,5646.0,5216.0,18005.0,3832.0,4002.0,1934.0,2088.0,681.0
Dec 1972,15047.0,4975.0,13684.0,5668.0,5240.0,18158.0,3842.0,3937.0,1944.0,2096.0,677.0
Jan 1973,15102.0,5003.0,13690.0,5697.0,5263.0,18276.0,3852.0,4004.0,1955.0,2100.0,675.0
Feb 1973,15164.0,5025.0,13711.0,5723.0,5282.0,18410.0,3874.0,4071.0,1964.0,2111.0,679.0
Mar 1973,15212.0,5042.0,13745.0,5744.0,5303.0,18493.0,3888.0,4089.0,1970.0,2118.0,680.0
Apr 1973,15245.0,5052.0,13777.0,5755.0,5313.0,18530.0,3897.0,4106.0,1975.0,2125.0,680.0
May 1973,15284.0,5060.0,13817.0,5765.0,5326.0,18564.0,3909.0,4137.0,1977.0,2128.0,681.0
Jun 1973,15320.0,5069.0,13872.0,5777.0,5334.0,18606.0,3918.0,4193.0,1981.0,2131.0,686.0
Jul 1973,15330.0,5058.0,13865.0,5768.0,5331.0,18598.0,3929.0,4232.0,1977.0,2133.0,692.0
Aug 1973,15369.0,5104.0,13904.0,5811.0,5347.0,18629.0,3939.0,4233.0,1994.0,2141.0,697.0
Sep 1973,15396.0,5139.0,13892.0,5837.0,5363.0,18609.0,3946.0,4237.0,2010.0,2145.0,702.0
Oct 1973,15460.0,5158.0,13977.0,5866.0,5388.0,18702.0,3947.0,4232.0,2015.0,2155.0,707.0
Nov 1973,15512.0,5189.0,14035.0,5897.0,5419.0,18773.0,3963.0,4232.0,2026.0,2160.0,714.0
Dec 1973,15503.0,5201.0,14070.0,5904.0,5410.0,18820.0,3972.0,4239.0,2032.0,2160.0,720.0
Jan 1974,15563.0,5217.0,14090.0,5920.0,5410.0,18788.0,3986.0,4196.0,2038.0,2167.0,725.0
Feb 1974,15586.0,5242.0,14135.0,5940.0,5415.0,18727.0,4004.0,4259.0,2047.0,2167.0,732.0
Mar 1974,15595.0,5259.0,14152.0,5952.0,5426.0,18700.0,4006.0,4255.0,2054.0,2165.0,732.0
Apr 1974,15629.0,5262.0,14191.0,5954.0,5442.0,18702.0,4012.0,4225.0,2056.0,2166.0,743.0
May 1974,15672.0,5304.0,14221.0,5990.0,5465.0,18688.0,4022.0,4198.0,2071.0,2169.0,749.0
Jun 1974,15691.0,5323.0,14239.0,6007.0,5473.0,18690.0,4030.0,4146.0,2079.0,2171.0,755.0
Jul 1974,15727.0,5349.0,14288.0,6023.0,5492.0,18656.0,4034.0,4045.0,2088.0,2173.0,761.0
Aug 1974,15723.0,5356.0,14328.0,6029.0,5494.0,18570.0,4035.0,4059.0,2091.0,2167.0,767.0
Sep 1974,15725.0,5365.0,14422.0,6028.0,5506.0,18492.0,4036.0,4009.0,2095.0,2159.0,773.0
Oct 1974,15767.0,5387.0,14484.0,6049.0,5530.0,18364.0,4038.0,3972.0,2102.0,2155.0,782.0
Nov 1974,15727.0,5394.0,14532.0,6039.0,5514.0,18077.0,4038.0,3911.0,2105.0,2143.0,785.0
Dec 1974,15625.0,5401.0,14559.0,6020.0,5483.0,17693.0,4036.0,3860.0,2107.0,2118.0,750.0
Jan 1975,15574.0,5404.0,14624.0,6006.0,5476.0,17344.0,4031.0,3841.0,2109.0,2095.0,789.0
Feb 1975,15538.0,5421.0,14747.0,6002.0,5484.0,17004.0,4026.0,3718.0,2115.0,2073.0,790.0
Mar 1975,15502.0,5430.0,14754.0,5999.0,5488.0,16853.0,4024.0,3628.0,2118.0,2059.0,793.0
Apr 1975,15454.0,5435.0,14795.0,5994.0,5472.0,16759.0,4027.0,3565.0,2121.0,2053.0,785.0
May 1975,15493.0,5468.0,14827.0,6022.0,5502.0,16746.0,4032.0,3552.0,2132.0,2051.0,799.0
Jun 1975,15522.0,5458.0,14784.0,6011.0,5524.0,16690.0,4031.0,3526.0,2128.0,2045.0,802.0
Jul 1975,15567.0,5515.0,14861.0,6055.0,5552.0,16678.0,4042.0,3501.0,2150.0,2047.0,802.0
Aug 1975,15617.0,5546.0,14870.0,6091.0,5585.0,16824.0,4052.0,3547.0,2162.0,2054.0,805.0
Sep 1975,15634.0,5540.0,14824.0,6088.0,5580.0,16904.0,4062.0,3573.0,2161.0,2055.0,807.0
Oct 1975,15670.0,5562.0,14900.0,6120.0,5602.0,16984.0,4072.0,3587.0,2169.0,2061.0,813.0
Nov 1975,15700.0,5578.0,14903.0,6130.0,5614.0,17025.0,4076.0,3604.0,2175.0,2067.0,813.0
Dec 1975,15735.0,5602.0,14946.0,6152.0,5641.0,17140.0,4090.0,3641.0,2184.0,2065.0,821.0
Jan 1976,15852.0,5635.0,14969.0,6191.0,5681.0,17287.0,4096.0,3688.0,2197.0,2083.0,824.0
Feb 1976,15947.0,5657.0,14981.0,6217.0,5718.0,17384.0,4105.0,3687.0,2205.0,2093.0,822.0
Mar 1976,15980.0,5687.0,14987.0,6246.0,5736.0,17470.0,4115.0,3685.0,2217.0,2100.0,825.0
Apr 1976,16055.0,5709.0,14985.0,6267.0,5767.0,17541.0,4127.0,3684.0,2226.0,2106.0,825.0
May 1976,16080.0,5730.0,14971.0,6286.0,5781.0,17513.0,4136.0,3649.0,2234.0,2106.0,826.0
Jun 1976,16090.0,5751.0,14963.0,6304.0,5787.0,17521.0,4146.0,3632.0,2242.0,2111.0,829.0
Jul 1976,16132.0,5780.0,14993.0,6327.0,5804.0,17524.0,4155.0,3627.0,2253.0,2115.0,837.0
Aug 1976,16169.0,5789.0,15007.0,6340.0,5827.0,17596.0,4160.0,3632.0,2256.0,2118.0,810.0
Sep 1976,16216.0,5801.0,14971.0,6355.0,5839.0,17665.0,4184.0,3634.0,2261.0,2123.0,843.0
Oct 1976,16219.0,5819.0,15028.0,6373.0,5849.0,17548.0,4199.0,3645.0,2268.0,2119.0,844.0
Nov 1976,16242.0,5843.0,15073.0,6395.0,5860.0,17682.0,4213.0,3678.0,2278.0,2129.0,847.0
Dec 1976,16294.0,5868.0,15075.0,6419.0,5879.0,17719.0,4229.0,3688.0,2287.0,2136.0,854.0
Jan 1977,16375.0,5892.0,15056.0,6447.0,5911.0,17803.0,4247.0,3660.0,2297.0,2145.0,857.0
Feb 1977,16424.0,5914.0,15056.0,6470.0,5930.0,17843.0,4260.0,3775.0,2305.0,2151.0,860.0
Mar 1977,16501.0,5941.0,15050.0,6500.0,5969.0,17941.0,4285.0,3859.0,2316.0,2157.0,872.0
Apr 1977,16567.0,5965.0,15075.0,6526.0,5992.0,18024.0,4304.0,3904.0,2326.0,2166.0,879.0
May 1977,16638.0,5992.0,15132.0,6556.0,6020.0,18107.0,4318.0,3930.0,2336.0,2177.0,882.0
Jun 1977,16709.0,6023.0,15207.0,6587.0,6050.0,18192.0,4333.0,3962.0,2348.0,2185.0,892.0
Jul 1977,16772.0,6060.0,15299.0,6621.0,6073.0,18259.0,4349.0,3981.0,2362.0,2192.0,866.0
Aug 1977,16834.0,6094.0,15328.0,6653.0,6103.0,18276.0,4368.0,3995.0,2375.0,2196.0,853.0
Sep 1977,16922.0,6139.0,15403.0,6697.0,6136.0,18334.0,4394.0,4023.0,2392.0,2205.0,887.0
Oct 1977,16962.0,6171.0,15463.0,6732.0,6164.0,18356.0,4416.0,4034.0,2405.0,2208.0,889.0
Nov 1977,17047.0,6204.0,15515.0,6761.0,6198.0,18419.0,4441.0,4058.0,2418.0,2218.0,894.0
Dec 1977,17138.0,6229.0,15538.0,6787.0,6231.0,18531.0,4461.0,4087.0,2428.0,2227.0,753.0
Jan 1978,17198.0,6228.0,15611.0,6794.0,6251.0,18593.0,4476.0,4029.0,2428.0,2234.0,752.0
Feb 1978,17264.0,6266.0,15671.0,6830.0,6272.0,18639.0,4506.0,4058.0,2442.0,2244.0,756.0
Mar 1978,17351.0,6308.0,15731.0,6873.0,6308.0,18699.0,4527.0,4178.0,2458.0,2255.0,772.0
Apr 1978,17452.0,6353.0,15797.0,6921.0,6340.0,18772.0,4547.0,4308.0,2476.0,2268.0,928.0
May 1978,17541.0,6387.0,15834.0,6957.0,6376.0,18848.0,4566.0,4302.0,2489.0,2277.0,932.0
Jun 1978,17648.0,6421.0,15852.0,6993.0,6413.0,18919.0,4592.0,4379.0,2502.0,2291.0,940.0
Jul 1978,17672.0,6455.0,15901.0,7022.0,6438.0,18951.0,4615.0,4403.0,2516.0,2285.0,946.0
Aug 1978,17738.0,6498.0,15891.0,7062.0,6459.0,19006.0,4633.0,4420.0,2532.0,2296.0,948.0
Sep 1978,17795.0,6514.0,15819.0,7083.0,6477.0,19068.0,4650.0,4424.0,2538.0,2301.0,952.0
Oct 1978,17894.0,6525.0,15858.0,7105.0,6502.0,19142.0,4665.0,4447.0,2543.0,2316.0,959.0
Nov 1978,17985.0,6567.0,15894.0,7147.0,6532.0,19257.0,4697.0,4453.0,2559.0,2332.0,968.0
Dec 1978,18047.0,6597.0,15911.0,7178.0,6551.0,19334.0,4717.0,4450.0,2571.0,2341.0,974.0
Jan 1979,18107.0,6603.0,15937.0,7191.0,6571.0,19388.0,4738.0,4373.0,2574.0,2347.0,979.0
Feb 1979,18157.0,6645.0,15947.0,7228.0,6592.0,19409.0,4757.0,4389.0,2590.0,2355.0,986.0
Mar 1979,18214.0,6683.0,15956.0,7265.0,6620.0,19453.0,4776.0,4552.0,2604.0,2363.0,993.0
Apr 1979,18143.0,6702.0,15977.0,7271.0,6614.0,19450.0,4796.0,4516.0,2612.0,2344.0,992.0
May 1979,18237.0,6738.0,15990.0,7313.0,6621.0,19509.0,4821.0,4565.0,2626.0,2372.0,997.0
Jun 1979,18294.0,6770.0,16045.0,7346.0,6623.0,19553.0,4840.0,4604.0,2638.0,2391.0,1004.0
Jul 1979,18267.0,6784.0,16150.0,7360.0,6608.0,19531.0,4856.0,4621.0,2643.0,2386.0,1011.0
Aug 1979,18281.0,6812.0,16229.0,7378.0,6617.0,19406.0,4885.0,4634.0,2654.0,2385.0,1019.0
Sep 1979,18316.0,6830.0,16128.0,7395.0,6639.0,19442.0,4884.0,4625.0,2661.0,2386.0,1021.0
Oct 1979,18390.0,6858.0,16136.0,7421.0,6674.0,19390.0,4903.0,4620.0,2672.0,2389.0,1028.0
Nov 1979,18454.0,6879.0,16173.0,7436.0,6693.0,19299.0,4920.0,4617.0,2680.0,2391.0,1031.0
Dec 1979,18438.0,6908.0,16180.0,7459.0,6702.0,19301.0,4933.0,4630.0,2690.0,2392.0,1039.0
Jan 1980,18456.0,6942.0,16201.0,7488.0,6713.0,19282.0,4956.0,4625.0,2704.0,2391.0,1042.0
Feb 1980,18491.0,6975.0,16226.0,7512.0,6731.0,19219.0,4969.0,4605.0,2716.0,2389.0,1050.0
Mar 1980,18495.0,7002.0,16296.0,7536.0,6743.0,19217.0,4987.0,4548.0,2727.0,2390.0,1053.0
Apr 1980,18395.0,7020.0,16583.0,7533.0,6708.0,18973.0,4993.0,4473.0,2733.0,2377.0,1061.0
May 1980,18356.0,7034.0,16454.0,7534.0,6700.0,18726.0,5004.0,4434.0,2739.0,2365.0,1074.0
Jun 1980,18306.0,7048.0,16441.0,7534.0,6693.0,18490.0,5016.0,4395.0,2744.0,2351.0,1083.0
Jul 1980,18285.0,7077.0,16418.0,7548.0,6693.0,18276.0,5027.0,4351.0,2755.0,2339.0,1071.0
Aug 1980,18318.0,7104.0,16410.0,7576.0,6704.0,18414.0,5039.0,4377.0,2765.0,2323.0,1069.0
Sep 1980,18343.0,7134.0,16330.0,7605.0,6717.0,18445.0,5051.0,4401.0,2777.0,2325.0,1085.0
Oct 1980,18363.0,7159.0,16386.0,7629.0,6730.0,18506.0,5071.0,4411.0,2786.0,2354.0,1095.0
Nov 1980,18391.0,7194.0,16391.0,7660.0,6745.0,18601.0,5085.0,4409.0,2799.0,2359.0,1113.0
Dec 1980,18429.0,7227.0,16373.0,7691.0,6765.0,18640.0,5100.0,4415.0,2812.0,2364.0,1127.0
Jan 1981,18462.0,7254.0,16360.0,7714.0,6780.0,18639.0,5116.0,4374.0,2823.0,2372.0,1139.0
Feb 1981,18506.0,7273.0,16346.0,7730.0,6801.0,18613.0,5128.0,4357.0,2830.0,2373.0,1148.0
Mar 1981,18527.0,7285.0,16292.0,7744.0,6811.0,18647.0,5137.0,4396.0,2834.0,2377.0,1160.0
Apr 1981,18580.0,7313.0,16260.0,7768.0,6833.0,18711.0,5151.0,4414.0,2845.0,2382.0,1026.0
May 1981,18595.0,7331.0,16198.0,7785.0,6842.0,18766.0,5160.0,4343.0,2852.0,2385.0,1039.0
Jun 1981,18619.0,7352.0,16159.0,7806.0,6852.0,18789.0,5163.0,4311.0,2860.0,2389.0,1190.0
Jul 1981,18639.0,7371.0,16175.0,7824.0,6857.0,18785.0,5174.0,4299.0,2867.0,2392.0,1218.0
Aug 1981,18648.0,7393.0,16110.0,7841.0,6867.0,18748.0,5181.0,4278.0,2875.0,2392.0,1232.0
Sep 1981,18633.0,7417.0,16031.0,7857.0,6870.0,18712.0,5184.0,4254.0,2885.0,2390.0,1244.0
Oct 1981,18611.0,7446.0,16069.0,7873.0,6867.0,18566.0,5183.0,4238.0,2895.0,2385.0,1247.0
Nov 1981,18568.0,7459.0,16078.0,7876.0,6852.0,18409.0,5184.0,4209.0,2900.0,2379.0,1257.0
Dec 1981,18517.0,7471.0,16073.0,7876.0,6843.0,18223.0,5188.0,4177.0,2904.0,2367.0,1256.0
Jan 1982,18492.0,7490.0,16041.0,7880.0,6839.0,18047.0,5190.0,4069.0,2911.0,2360.0,1246.0
Feb 1982,18497.0,7497.0,16011.0,7884.0,6852.0,17981.0,5192.0,4131.0,2914.0,2355.0,1249.0
Mar 1982,18491.0,7502.0,16024.0,7884.0,6856.0,17857.0,5199.0,4108.0,2916.0,2348.0,1249.0
Apr 1982,18465.0,7501.0,16010.0,7870.0,6859.0,17683.0,5198.0,4083.0,2915.0,2336.0,1230.0
May 1982,18494.0,7513.0,16003.0,7880.0,6877.0,17588.0,5202.0,4092.0,2920.0,2334.0,1204.0
Jun 1982,18475.0,7519.0,16016.0,7875.0,6882.0,17430.0,5209.0,4030.0,2922.0,2324.0,1183.0
Jul 1982,18453.0,7530.0,15890.0,7876.0,6887.0,17278.0,5211.0,4001.0,2926.0,2314.0,1155.0
Aug 1982,18427.0,7536.0,15930.0,7872.0,6888.0,17160.0,5211.0,3977.0,2927.0,2304.0,1131.0
Sep 1982,18386.0,7537.0,15923.0,7867.0,6885.0,17074.0,5216.0,3962.0,2928.0,2295.0,1110.0
Oct 1982,18351.0,7545.0,15956.0,7861.0,6882.0,16853.0,5217.0,3940.0,2931.0,2285.0,1086.0
Nov 1982,18315.0,7565.0,15977.0,7870.0,6882.0,16722.0,5224.0,3947.0,2938.0,2279.0,1067.0
Dec 1982,18307.0,7576.0,15981.0,7877.0,6895.0,16690.0,5229.0,3948.0,2942.0,2276.0,1050.0
Jan 1983,18342.0,7594.0,16023.0,7890.0,6920.0,16705.0,5242.0,4021.0,2950.0,2272.0,1031.0
Feb 1983,18339.0,7601.0,16004.0,7893.0,6927.0,16706.0,5256.0,3964.0,2952.0,2269.0,1006.0
Mar 1983,18384.0,7648.0,16005.0,7934.0,6959.0,16711.0,5267.0,3942.0,2970.0,2274.0,996.0
Apr 1983,18441.0,7689.0,15990.0,7972.0,6986.0,16794.0,5289.0,3948.0,2986.0,2282.0,987.0
May 1983,18496.0,7715.0,16005.0,8001.0,7011.0,16885.0,5302.0,3960.0,2997.0,2288.0,984.0
Jun 1983,18572.0,7766.0,16020.0,8044.0,7048.0,16960.0,5313.0,4006.0,3015.0,2294.0,983.0
Jul 1983,18658.0,7810.0,16011.0,8088.0,7092.0,17059.0,5340.0,4055.0,3032.0,2303.0,989.0
Aug 1983,18690.0,7847.0,16016.0,8119.0,7126.0,17118.0,5362.0,4100.0,3045.0,1717.0,989.0
Sep 1983,18839.0,7883.0,16042.0,8167.0,7164.0,17255.0,5387.0,4138.0,3061.0,2323.0,988.0
Oct 1983,18903.0,7906.0,15986.0,8190.0,7192.0,17367.0,5397.0,4178.0,3069.0,2331.0,1001.0
Nov 1983,18969.0,7933.0,15997.0,8219.0,7226.0,17479.0,5416.0,4217.0,3080.0,2337.0,1002.0
Dec 1983,19050.0,7973.0,16008.0,8259.0,7265.0,17551.0,5436.0,4248.0,3095.0,2341.0,1004.0
Jan 1984,19201.0,8001.0,16010.0,8293.0,7309.0,17630.0,5452.0,4305.0,3106.0,2359.0,1007.0
Feb 1984,19291.0,8046.0,16025.0,8337.0,7349.0,17728.0,5472.0,4410.0,3123.0,2368.0,1008.0
Mar 1984,19360.0,8080.0,16030.0,8371.0,7372.0,17806.0,5492.0,4393.0,3137.0,2378.0,1010.0
Apr 1984,19436.0,8121.0,16075.0,8410.0,7406.0,17872.0,5503.0,4423.0,3152.0,2384.0,1010.0
May 1984,19487.0,8162.0,16103.0,8447.0,7428.0,17916.0,5522.0,4456.0,3168.0,2392.0,1017.0
Jun 1984,19584.0,8200.0,16127.0,8483.0,7465.0,17967.0,5540.0,4507.0,3182.0,2401.0,1023.0
Jul 1984,19664.0,8226.0,16172.0,8507.0,7496.0,18013.0,5556.0,4534.0,3191.0,2406.0,1024.0
Aug 1984,19721.0,8254.0,16224.0,8533.0,7508.0,18034.0,5574.0,4547.0,3199.0,2411.0,1027.0
Sep 1984,19800.0,8303.0,16255.0,8581.0,7559.0,18019.0,5595.0,4576.0,3222.0,2412.0,1022.0
Oct 1984,19890.0,8343.0,16274.0,8615.0,7606.0,18024.0,5620.0,4590.0,3237.0,2418.0,1012.0
Nov 1984,20015.0,8380.0,16311.0,8649.0,7674.0,18016.0,5641.0,4617.0,3252.0,2421.0,1006.0
Dec 1984,20030.0,8413.0,16282.0,8678.0,7682.0,18023.0,5661.0,4652.0,3264.0,2424.0,998.0
Jan 1985,20073.0,8464.0,16336.0,8722.0,7708.0,18009.0,5684.0,4668.0,3284.0,2429.0,995.0
Feb 1985,20110.0,8499.0,16349.0,8751.0,7740.0,17966.0,5705.0,4662.0,3298.0,2430.0,993.0
Mar 1985,20198.0,8544.0,16395.0,8792.0,7784.0,17939.0,5730.0,4730.0,3315.0,2423.0,992.0
Apr 1985,20253.0,8574.0,16430.0,8815.0,7812.0,17886.0,5751.0,4764.0,3327.0,2432.0,994.0
May 1985,20326.0,8620.0,16474.0,8854.0,7852.0,17855.0,5775.0,4787.0,3345.0,2434.0,990.0
Jun 1985,20375.0,8652.0,16498.0,8880.0,7874.0,17819.0,5796.0,4789.0,3355.0,2437.0,984.0
Jul 1985,20391.0,8686.0,16620.0,8897.0,7884.0,17776.0,5818.0,4799.0,3365.0,2438.0,974.0
Aug 1985,20426.0,8748.0,16619.0,8944.0,7889.0,17756.0,5845.0,4823.0,3386.0,2437.0,967.0
Sep 1985,20465.0,8778.0,16638.0,8983.0,7935.0,17718.0,5874.0,4852.0,3404.0,2440.0,958.0
Oct 1985,20494.0,8819.0,16654.0,9017.0,7954.0,17708.0,5902.0,4868.0,3420.0,2444.0,953.0
Nov 1985,20528.0,8864.0,16674.0,9055.0,7981.0,17697.0,5935.0,4879.0,3438.0,2448.0,944.0
Dec 1985,20557.0,8894.0,16694.0,9083.0,8005.0,17693.0,5959.0,4887.0,3450.0,2449.0,938.0
Jan 1986,20566.0,8912.0,16715.0,9099.0,8026.0,17686.0,5977.0,4908.0,3457.0,2450.0,936.0
Feb 1986,20569.0,8936.0,16759.0,9123.0,8048.0,17663.0,6010.0,4904.0,3467.0,2450.0,918.0
Mar 1986,20609.0,8965.0,16755.0,9143.0,8070.0,17624.0,6036.0,4914.0,3479.0,2449.0,890.0
Apr 1986,20651.0,9002.0,16765.0,9174.0,8093.0,17616.0,6066.0,4950.0,3493.0,2450.0,861.0
May 1986,20711.0,9032.0,16790.0,9198.0,8122.0,17593.0,6091.0,4924.0,3504.0,2451.0,832.0
Jun 1986,20699.0,9061.0,16779.0,9218.0,8138.0,17530.0,6118.0,4917.0,3514.0,2365.0,816.0
Jul 1986,20805.0,9111.0,16779.0,9247.0,8167.0,17497.0,6149.0,4930.0,3527.0,2453.0,808.0
Aug 1986,20851.0,9160.0,16800.0,9276.0,8143.0,17489.0,6173.0,4943.0,3540.0,2420.0,793.0
Sep 1986,20899.0,9164.0,16910.0,9305.0,8231.0,17498.0,6197.0,4939.0,3554.0,2458.0,779.0
Oct 1986,20919.0,9202.0,16969.0,9335.0,8252.0,17477.0,6215.0,4954.0,3569.0,2452.0,777.0
Nov 1986,20946.0,9232.0,17005.0,9366.0,8273.0,17472.0,6236.0,4960.0,3581.0,2465.0,772.0
Dec 1986,20962.0,9268.0,17021.0,9399.0,8295.0,17478.0,6264.0,4993.0,3595.0,2468.0,766.0
Jan 1987,20964.0,9312.0,17045.0,9439.0,8319.0,17465.0,6282.0,5007.0,3613.0,2472.0,760.0
Feb 1987,21018.0,9338.0,17036.0,9473.0,8353.0,17499.0,6303.0,5038.0,3625.0,2477.0,759.0
Mar 1987,21081.0,9383.0,17064.0,9507.0,8369.0,17507.0,6327.0,5039.0,3642.0,2484.0,761.0
Apr 1987,21159.0,9431.0,17109.0,9549.0,8399.0,17525.0,6358.0,5053.0,3660.0,2492.0,764.0
May 1987,21188.0,9484.0,17112.0,9592.0,8411.0,17542.0,6376.0,5080.0,3679.0,2496.0,768.0
Jun 1987,21244.0,9520.0,17124.0,9618.0,8426.0,17537.0,6388.0,5086.0,3689.0,2501.0,767.0
Jul 1987,21298.0,9602.0,17160.0,9662.0,8446.0,17593.0,6408.0,5092.0,3708.0,2508.0,770.0
Aug 1987,21336.0,9670.0,17172.0,9700.0,8374.0,17630.0,6419.0,5102.0,3727.0,2516.0,774.0
Sep 1987,21399.0,9643.0,17135.0,9724.0,8489.0,17691.0,6427.0,5096.0,3738.0,2526.0,779.0
Oct 1987,21489.0,9686.0,17269.0,9763.0,8547.0,17729.0,6442.0,5142.0,3754.0,2533.0,784.0
Nov 1987,21531.0,9711.0,17299.0,9795.0,8581.0,17775.0,6441.0,5152.0,3765.0,2538.0,784.0
Dec 1987,21557.0,9752.0,17347.0,9838.0,8619.0,17809.0,6451.0,5180.0,3782.0,2543.0,783.0
Jan 1988,21564.0,9793.0,17365.0,9884.0,8664.0,17790.0,6466.0,5094.0,3800.0,2549.0,784.0
Feb 1988,21693.0,9838.0,17389.0,9942.0,8734.0,17823.0,6472.0,5162.0,3822.0,2555.0,784.0
Mar 1988,21750.0,9883.0,17447.0,9973.0,8727.0,17844.0,6483.0,5201.0,3839.0,2563.0,779.0
Apr 1988,21805.0,9938.0,17452.0,10008.0,8735.0,17874.0,6489.0,5227.0,3857.0,2568.0,779.0
May 1988,21872.0,9996.0,17481.0,10048.0,8732.0,17892.0,6490.0,5228.0,3872.0,2575.0,776.0
Jun 1988,21954.0,10095.0,17515.0,10103.0,8728.0,17916.0,6499.0,5261.0,3898.0,2583.0,774.0
Jul 1988,22019.0,10181.0,17494.0,10146.0,8740.0,17926.0,6507.0,5270.0,3912.0,2585.0,770.0
Aug 1988,22066.0,10263.0,17544.0,10178.0,8663.0,17891.0,6505.0,5268.0,3937.0,2592.0,767.0
Sep 1988,22099.0,10242.0,17634.0,10220.0,8804.0,17914.0,6509.0,5270.0,3962.0,2601.0,758.0
Oct 1988,22118.0,10273.0,17670.0,10255.0,8869.0,17966.0,6517.0,5262.0,3978.0,2609.0,759.0
Nov 1988,22152.0,10310.0,17746.0,10313.0,8928.0,18003.0,6526.0,5273.0,3996.0,2616.0,754.0
Dec 1988,22208.0,10359.0,17736.0,10370.0,8998.0,18025.0,6533.0,5277.0,4014.0,2626.0,752.0
Jan 1989,22250.0,10383.0,17774.0,10410.0,9072.0,18057.0,6529.0,5289.0,4026.0,2620.0,751.0
Feb 1989,22343.0,10411.0,17812.0,10466.0,9096.0,18055.0,6542.0,5278.0,4050.0,2627.0,747.0
Mar 1989,22422.0,10468.0,17822.0,10498.0,9096.0,18060.0,6547.0,5260.0,4070.0,2629.0,749.0
Apr 1989,22440.0,10536.0,17840.0,10525.0,9076.0,18055.0,6549.0,5295.0,4088.0,2637.0,750.0
May 1989,22485.0,10590.0,17876.0,10556.0,9024.0,18040.0,6554.0,5299.0,4096.0,2643.0,750.0
Jun 1989,22511.0,10706.0,17912.0,10573.0,8955.0,18013.0,6560.0,5298.0,4112.0,2646.0,741.0
Jul 1989,22528.0,10764.0,17905.0,10595.0,8936.0,17980.0,6567.0,5317.0,4108.0,2639.0,730.0
Aug 1989,22579.0,10834.0,17989.0,10613.0,8853.0,17964.0,6571.0,5330.0,4135.0,2498.0,754.0
Sep 1989,22555.0,10786.0,18027.0,10647.0,9004.0,17922.0,6577.0,5323.0,4163.0,2610.0,755.0
Oct 1989,22535.0,10766.0,18033.0,10658.0,9126.0,17895.0,6576.0,5347.0,4169.0,2616.0,755.0
Nov 1989,22551.0,10792.0,18057.0,10724.0,9230.0,17886.0,6584.0,5364.0,4185.0,2620.0,759.0
Dec 1989,22503.0,10814.0,18075.0,10764.0,9273.0,17881.0,6585.0,5309.0,4191.0,2682.0,759.0
Jan 1990,22692.0,10784.0,18151.0,10821.0,9290.0,17797.0,6585.0,5422.0,4221.0,2671.0,762.0
Feb 1990,22672.0,10823.0,18177.0,10886.0,9297.0,17893.0,6599.0,5416.0,4237.0,2676.0,760.0
Mar 1990,22673.0,10872.0,18294.0,10920.0,9325.0,17868.0,6601.0,5392.0,4254.0,2680.0,761.0
Apr 1990,22675.0,10897.0,18377.0,10919.0,9289.0,17845.0,6611.0,5355.0,4256.0,2684.0,766.0
May 1990,22667.0,10953.0,18599.0,10909.0,9242.0,17796.0,6616.0,5321.0,4266.0,2689.0,770.0
Jun 1990,22660.0,11011.0,18556.0,10923.0,9265.0,17775.0,6626.0,5303.0,4266.0,2694.0,771.0
Jul 1990,22644.0,11048.0,18560.0,10929.0,9294.0,17703.0,6631.0,5274.0,4266.0,2697.0,769.0
Aug 1990,22605.0,11093.0,18457.0,10912.0,9292.0,17650.0,6634.0,5234.0,4269.0,2696.0,765.0
Sep 1990,22594.0,11137.0,18437.0,10898.0,9296.0,17609.0,6627.0,5197.0,4268.0,2693.0,766.0
Oct 1990,22581.0,11179.0,18443.0,10852.0,9256.0,17577.0,6623.0,5134.0,4275.0,2694.0,763.0
Nov 1990,22559.0,11221.0,18450.0,10833.0,9298.0,17428.0,6614.0,5095.0,4273.0,2690.0,761.0
Dec 1990,22553.0,11271.0,18468.0,10801.0,9302.0,17395.0,6602.0,5047.0,4277.0,2692.0,760.0
Jan 1991,22483.0,11349.0,18474.0,10814.0,9294.0,17330.0,6611.0,4972.0,4275.0,2697.0,759.0
Feb 1991,22379.0,11377.0,18482.0,10769.0,9264.0,17213.0,6601.0,4929.0,4269.0,2693.0,759.0
Mar 1991,22328.0,11427.0,18488.0,10729.0,9267.0,17140.0,6602.0,4881.0,4261.0,2689.0,756.0
Apr 1991,22247.0,11463.0,18485.0,10716.0,9228.0,17093.0,6583.0,4842.0,4252.0,2689.0,752.0
May 1991,22227.0,11494.0,18498.0,10697.0,9218.0,17071.0,6566.0,4800.0,4250.0,2684.0,748.0
Jun 1991,22211.0,11530.0,18561.0,10716.0,9252.0,17045.0,6560.0,4782.0,4247.0,2680.0,746.0
Jul 1991,22213.0,11572.0,18598.0,10715.0,9220.0,17015.0,6548.0,4752.0,4239.0,2677.0,741.0
Aug 1991,22208.0,11612.0,18567.0,10740.0,9223.0,17026.0,6543.0,4733.0,4242.0,2671.0,735.0
Sep 1991,22185.0,11658.0,18543.0,10775.0,9259.0,17010.0,6534.0,4728.0,4244.0,2670.0,729.0
Oct 1991,22163.0,11700.0,18593.0,10780.0,9263.0,16999.0,6532.0,4698.0,4244.0,2667.0,722.0
Nov 1991,22145.0,11726.0,18627.0,10777.0,9283.0,16961.0,6533.0,4640.0,4237.0,2656.0,715.0
Dec 1991,22142.0,11764.0,18641.0,10795.0,9301.0,16917.0,6529.0,4647.0,4228.0,2656.0,710.0
Jan 1992,22104.0,11802.0,18688.0,10812.0,9361.0,16839.0,6520.0,4667.0,4227.0,2638.0,707.0
Feb 1992,22107.0,11827.0,18689.0,10829.0,9346.0,16828.0,6523.0,4612.0,4210.0,2640.0,701.0
Mar 1992,22107.0,11847.0,18715.0,10863.0,9338.0,16805.0,6523.0,4621.0,4206.0,2642.0,700.0
Apr 1992,22115.0,11871.0,18739.0,10907.0,9362.0,16830.0,6533.0,4603.0,4219.0,2639.0,698.0
May 1992,22103.0,11882.0,18753.0,10966.0,9402.0,16835.0,6544.0,4605.0,4223.0,2638.0,695.0
Jun 1992,22107.0,11919.0,18762.0,10998.0,9408.0,16826.0,6553.0,4584.0,4223.0,2638.0,688.0
Jul 1992,22067.0,11966.0,18817.0,11004.0,9438.0,16820.0,6553.0,4570.0,4236.0,2637.0,685.0
Aug 1992,22051.0,11989.0,18883.0,11046.0,9461.0,16782.0,6564.0,4581.0,4243.0,2635.0,681.0
Sep 1992,22046.0,12012.0,18829.0,11080.0,9496.0,16760.0,6579.0,4584.0,4252.0,2638.0,675.0
Oct 1992,22064.0,12047.0,18828.0,11124.0,9545.0,16751.0,6589.0,4600.0,4268.0,2645.0,678.0
Nov 1992,22069.0,12080.0,18841.0,11169.0,9554.0,16758.0,6600.0,4606.0,4279.0,2650.0,677.0
Dec 1992,22086.0,12112.0,18878.0,11235.0,9555.0,16770.0,6617.0,4630.0,4289.0,2654.0,676.0
Jan 1993,22147.0,12142.0,18901.0,11286.0,9582.0,16790.0,6634.0,4664.0,4312.0,2655.0,677.0
Feb 1993,22196.0,12181.0,18902.0,11333.0,9614.0,16804.0,6645.0,4714.0,4332.0,2656.0,670.0
Mar 1993,22181.0,12202.0,18907.0,11368.0,9559.0,16795.0,6655.0,4676.0,4339.0,2651.0,671.0
Apr 1993,22209.0,12249.0,18938.0,11417.0,9668.0,16772.0,6680.0,4690.0,4350.0,2658.0,669.0
May 1993,22257.0,12298.0,18951.0,11462.0,9700.0,16766.0,6703.0,4753.0,4349.0,2661.0,671.0
Jun 1993,22307.0,12337.0,18969.0,11499.0,9712.0,16742.0,6724.0,4760.0,4362.0,2666.0,664.0
Jul 1993,22364.0,12392.0,19060.0,11536.0,9739.0,16740.0,6751.0,4783.0,4361.0,2667.0,661.0
Aug 1993,22376.0,12440.0,19028.0,11575.0,9775.0,16740.0,6770.0,4806.0,4360.0,2674.0,656.0
Sep 1993,22429.0,12460.0,19041.0,11629.0,9807.0,16770.0,6795.0,4823.0,4360.0,2674.0,660.0
Oct 1993,22482.0,12501.0,19042.0,11707.0,9844.0,16778.0,6819.0,4868.0,4357.0,2677.0,659.0
Nov 1993,22512.0,12541.0,19068.0,11758.0,9872.0,16800.0,6845.0,4887.0,4362.0,2683.0,659.0
Dec 1993,22574.0,12585.0,19109.0,11795.0,9925.0,16815.0,6870.0,4925.0,4363.0,2691.0,673.0
Jan 1994,22613.0,12627.0,19147.0,11835.0,9959.0,16855.0,6889.0,4940.0,4366.0,2700.0,670.0
Feb 1994,22710.0,12647.0,19150.0,11881.0,9964.0,16862.0,6910.0,4923.0,4361.0,2708.0,666.0
Mar 1994,22815.0,12699.0,19190.0,11964.0,10007.0,16897.0,6930.0,4990.0,4377.0,2713.0,663.0
Apr 1994,22833.0,12745.0,19223.0,12047.0,10052.0,16933.0,6936.0,5047.0,4390.0,2722.0,661.0
May 1994,22948.0,12796.0,19264.0,12093.0,10063.0,16961.0,6928.0,5084.0,4401.0,2726.0,658.0
Jun 1994,23027.0,12852.0,19274.0,12164.0,10083.0,17009.0,6929.0,5097.0,4415.0,2731.0,658.0
Jul 1994,23114.0,12920.0,19301.0,12269.0,10108.0,17025.0,6925.0,5125.0,4429.0,2735.0,657.0
Aug 1994,23201.0,12959.0,19306.0,12314.0,10133.0,17081.0,6919.0,5139.0,4443.0,2751.0,656.0
Sep 1994,23293.0,12989.0,19337.0,12394.0,10157.0,17114.0,6905.0,5175.0,4472.0,2752.0,658.0
Oct 1994,23361.0,13030.0,19344.0,12448.0,10160.0,17144.0,6889.0,5177.0,4486.0,2765.0,653.0
Nov 1994,23465.0,13072.0,19367.0,12540.0,10222.0,17186.0,6877.0,5210.0,4499.0,2776.0,653.0
Dec 1994,23549.0,13125.0,19388.0,12582.0,10268.0,17218.0,6869.0,5226.0,4508.0,2789.0,652.0
Jan 1995,23616.0,13167.0,19397.0,12662.0,10348.0,17262.0,6858.0,5234.0,4525.0,2785.0,651.0
Feb 1995,23672.0,13213.0,19407.0,12722.0,10375.0,17266.0,6850.0,5192.0,4536.0,2814.0,647.0
Mar 1995,23667.0,13257.0,19427.0,12765.0,10417.0,17263.0,6854.0,5242.0,4547.0,2823.0,646.0
Apr 1995,23726.0,13285.0,19434.0,12779.0,10438.0,17278.0,6847.0,5252.0,4550.0,2833.0,644.0
May 1995,23725.0,13308.0,19418.0,12783.0,10459.0,17258.0,6844.0,5220.0,4556.0,2834.0,641.0
Jun 1995,23777.0,13348.0,19445.0,12828.0,10507.0,17247.0,6847.0,5250.0,4565.0,2837.0,640.0
Jul 1995,23780.0,13364.0,19437.0,12871.0,10535.0,17218.0,6854.0,5262.0,4573.0,2849.0,639.0
Aug 1995,23829.0,13409.0,19429.0,12945.0,10564.0,17240.0,6864.0,5286.0,4591.0,2851.0,638.0
Sep 1995,23851.0,13438.0,19430.0,13031.0,10582.0,17247.0,6877.0,5324.0,4592.0,2864.0,637.0
Oct 1995,23885.0,13474.0,19464.0,13062.0,10579.0,17216.0,6887.0,5353.0,4596.0,2873.0,637.0
Nov 1995,23917.0,13506.0,19463.0,13099.0,10589.0,17208.0,6903.0,5358.0,4608.0,2880.0,634.0
Dec 1995,23933.0,13545.0,19466.0,13150.0,10600.0,17231.0,6911.0,5344.0,4626.0,2884.0,635.0
Jan 1996,23935.0,13551.0,19450.0,13137.0,10613.0,17208.0,6922.0,5355.0,4625.0,2888.0,633.0
Feb 1996,23972.0,13604.0,19485.0,13269.0,10645.0,17230.0,6945.0,5415.0,4645.0,2892.0,636.0
Mar 1996,24014.0,13647.0,19532.0,13320.0,10693.0,17193.0,6952.0,5446.0,4655.0,2903.0,637.0
Apr 1996,24027.0,13680.0,19515.0,13358.0,10720.0,17204.0,6967.0,5474.0,4665.0,2910.0,638.0
May 1996,24127.0,13721.0,19529.0,13416.0,10755.0,17222.0,6991.0,5498.0,4680.0,2920.0,638.0
Jun 1996,24182.0,13751.0,19528.0,13490.0,10787.0,17226.0,7012.0,5534.0,4689.0,2932.0,639.0
Jul 1996,24228.0,13800.0,19547.0,13548.0,10801.0,17222.0,7033.0,5557.0,4700.0,2945.0,638.0
Aug 1996,24255.0,13804.0,19504.0,13619.0,10819.0,17256.0,7048.0,5586.0,4713.0,2957.0,637.0
Sep 1996,24280.0,13834.0,19567.0,13661.0,10813.0,17251.0,7066.0,5610.0,4714.0,2969.0,635.0
Oct 1996,24354.0,13887.0,19554.0,13683.0,10858.0,17268.0,7079.0,5643.0,4727.0,2977.0,635.0
Nov 1996,24387.0,13927.0,19565.0,13784.0,10881.0,17277.0,7097.0,5668.0,4732.0,2990.0,639.0
Dec 1996,24425.0,13949.0,19571.0,13847.0,10901.0,17284.0,7111.0,5675.0,4743.0,2997.0,640.0
Jan 1997,24432.0,13994.0,19593.0,13911.0,10921.0,17297.0,7125.0,5675.0,4753.0,3009.0,646.0
Feb 1997,24458.0,14026.0,19598.0,14024.0,10952.0,17315.0,7143.0,5722.0,4763.0,3025.0,647.0
Mar 1997,24514.0,14055.0,19608.0,14123.0,10968.0,17340.0,7164.0,5751.0,4776.0,3044.0,648.0
Apr 1997,24552.0,14105.0,19603.0,14233.0,10984.0,17351.0,7195.0,5764.0,4794.0,3056.0,652.0
May 1997,24582.0,14148.0,19601.0,14308.0,11015.0,17364.0,7215.0,5793.0,4809.0,3071.0,654.0
Jun 1997,24618.0,14168.0,19660.0,14378.0,11029.0,17387.0,7230.0,5793.0,4812.0,3087.0,654.0
Jul 1997,24653.0,14233.0,19686.0,14466.0,11016.0,17388.0,7266.0,5817.0,4840.0,3093.0,656.0
Aug 1997,24543.0,14228.0,19617.0,14477.0,11030.0,17453.0,7292.0,5846.0,4844.0,3103.0,654.0
Sep 1997,24737.0,14270.0,19679.0,14556.0,11059.0,17465.0,7313.0,5874.0,4857.0,3108.0,657.0
Oct 1997,24806.0,14302.0,19738.0,14624.0,11062.0,17514.0,7343.0,5883.0,4871.0,3123.0,658.0
Nov 1997,24862.0,14326.0,19761.0,14711.0,11074.0,17556.0,7369.0,5899.0,4879.0,3132.0,656.0
Dec 1997,24903.0,14364.0,19766.0,14801.0,11087.0,17587.0,7400.0,5938.0,4898.0,3146.0,659.0
Jan 1998,24927.0,14388.0,19770.0,14866.0,11100.0,17619.0,7425.0,5983.0,4914.0,3155.0,659.0
Feb 1998,24945.0,14416.0,19786.0,14923.0,11123.0,17627.0,7450.0,5997.0,4923.0,3169.0,658.0
Mar 1998,24962.0,14439.0,19792.0,14975.0,11134.0,17637.0,7485.0,5969.0,4938.0,3177.0,657.0
Apr 1998,24995.0,14467.0,19816.0,15022.0,11156.0,17637.0,7507.0,6049.0,4949.0,3193.0,654.0
May 1998,25073.0,14508.0,19875.0,15114.0,11213.0,17624.0,7534.0,6087.0,4963.0,3203.0,651.0
Jun 1998,25104.0,14553.0,19879.0,15196.0,11215.0,17607.0,7561.0,6130.0,4974.0,3209.0,648.0
Jul 1998,25144.0,14612.0,19930.0,15229.0,11248.0,17423.0,7595.0,6172.0,4989.0,3227.0,643.0
Aug 1998,25183.0,14594.0,19959.0,15287.0,11273.0,17563.0,7605.0,6215.0,4995.0,3230.0,642.0
Sep 1998,25224.0,14648.0,19985.0,15292.0,11311.0,17557.0,7624.0,6225.0,5000.0,3241.0,637.0
Oct 1998,25240.0,14692.0,20001.0,15393.0,11298.0,17512.0,7648.0,6262.0,5013.0,3258.0,632.0
Nov 1998,25291.0,14724.0,20044.0,15476.0,11337.0,17466.0,7663.0,6301.0,5021.0,3271.0,628.0
Dec 1998,25361.0,14759.0,20079.0,15567.0,11376.0,17449.0,7682.0,6378.0,5029.0,3288.0,627.0
Jan 1999,25380.0,14775.0,20084.0,15626.0,11385.0,17427.0,7706.0,6357.0,5039.0,3303.0,617.0
Feb 1999,25484.0,14832.0,20144.0,15704.0,11425.0,17395.0,7713.0,6429.0,5051.0,3330.0,610.0
Mar 1999,25520.0,14859.0,20168.0,15751.0,11443.0,17368.0,7722.0,6402.0,5057.0,3336.0,608.0
Apr 1999,25580.0,14890.0,20237.0,15828.0,11478.0,17343.0,7734.0,6480.0,5066.0,3357.0,602.0
May 1999,25630.0,14902.0,20229.0,15895.0,11506.0,17333.0,7746.0,6516.0,5069.0,3391.0,596.0
Jun 1999,25680.0,14926.0,20272.0,15983.0,11539.0,17294.0,7762.0,6547.0,5084.0,3405.0,592.0
Jul 1999,25745.0,14954.0,20339.0,16062.0,11546.0,17308.0,7781.0,6571.0,5095.0,3427.0,594.0
Aug 1999,25774.0,14962.0,20375.0,16101.0,11567.0,17287.0,7778.0,6586.0,5097.0,3451.0,594.0
Sep 1999,25829.0,14980.0,20404.0,16125.0,11597.0,17282.0,7770.0,6613.0,5104.0,3476.0,591.0
Oct 1999,25882.0,15022.0,20457.0,16279.0,11648.0,17274.0,7770.0,6640.0,5117.0,3497.0,592.0
Nov 1999,25920.0,15055.0,20496.0,16339.0,11682.0,17282.0,7772.0,6687.0,5126.0,3515.0,592.0
Dec 1999,26019.0,15080.0,20540.0,16412.0,11706.0,17279.0,7775.0,6709.0,5138.0,3532.0,593.0
Jan 2000,26043.0,15100.0,20571.0,16488.0,11713.0,17284.0,7769.0,6752.0,5146.0,3552.0,593.0
Feb 2000,26061.0,15114.0,20599.0,16525.0,11719.0,17284.0,7771.0,6730.0,5153.0,3570.0,594.0
Mar 2000,26118.0,15141.0,20733.0,16599.0,11788.0,17302.0,7767.0,6811.0,5161.0,3591.0,593.0
Apr 2000,26184.0,15161.0,20802.0,16682.0,11834.0,17299.0,7764.0,6794.0,5159.0,3609.0,596.0
May 2000,26118.0,15189.0,21147.0,16647.0,11827.0,17278.0,7762.0,6770.0,5154.0,3615.0,598.0
Jun 2000,26140.0,15218.0,20887.0,16716.0,11869.0,17295.0,7764.0,6778.0,5157.0,3642.0,597.0
Jul 2000,26150.0,15246.0,20867.0,16761.0,11900.0,17322.0,7766.0,6794.0,5163.0,3658.0,601.0
Aug 2000,26179.0,15286.0,20837.0,16793.0,11927.0,17287.0,7777.0,6796.0,5168.0,3584.0,600.0
Sep 2000,26175.0,15336.0,20735.0,16855.0,11940.0,17229.0,7797.0,6807.0,5182.0,3676.0,605.0
Oct 2000,26193.0,15361.0,20743.0,16868.0,11876.0,17217.0,7809.0,6814.0,5188.0,3676.0,607.0
Nov 2000,26210.0,15409.0,20760.0,16909.0,11946.0,17202.0,7823.0,6817.0,5190.0,3685.0,605.0
Dec 2000,26263.0,15465.0,20804.0,16893.0,11976.0,17181.0,7838.0,6792.0,5196.0,3707.0,601.0
Jan 2001,26180.0,15519.0,20835.0,16898.0,11977.0,17105.0,7845.0,6824.0,5203.0,3711.0,606.0
Feb 2001,26177.0,15573.0,20906.0,16874.0,11997.0,17030.0,7868.0,6841.0,5199.0,3716.0,607.0
Mar 2001,26139.0,15629.0,20945.0,16824.0,12000.0,16938.0,7885.0,6862.0,5201.0,3718.0,610.0
Apr 2001,26007.0,15672.0,20992.0,16698.0,12040.0,16802.0,7889.0,6844.0,5219.0,3686.0,609.0
May 2001,25992.0,15747.0,21029.0,16654.0,12068.0,16660.0,7898.0,6849.0,5239.0,3663.0,609.0
Jun 2001,25958.0,15784.0,21137.0,16588.0,12076.0,16513.0,7905.0,6840.0,5247.0,3642.0,610.0
Jul 2001,25886.0,15840.0,21185.0,16535.0,12110.0,16381.0,7892.0,6845.0,5269.0,3619.0,610.0
Aug 2001,25875.0,15900.0,21218.0,16473.0,12093.0,16233.0,7916.0,6827.0,5280.0,3598.0,608.0
Sep 2001,25790.0,15958.0,21242.0,16387.0,12061.0,16116.0,7916.0,6813.0,5293.0,3581.0,606.0
Oct 2001,25718.0,15999.0,21275.0,16285.0,12015.0,15973.0,7925.0,6804.0,5299.0,3557.0,602.0
Nov 2001,25632.0,16044.0,21326.0,16158.0,11985.0,15825.0,7940.0,6784.0,5314.0,3536.0,600.0
Dec 2001,25548.0,16098.0,21355.0,16132.0,11967.0,15712.0,7934.0,6785.0,5334.0,3521.0,597.0
Jan 2002,25486.0,16153.0,21377.0,16096.0,12006.0,15588.0,7939.0,6775.0,5344.0,3495.0,600.0
Feb 2002,25480.0,16201.0,21390.0,16066.0,11962.0,15518.0,7932.0,6766.0,5355.0,3471.0,596.0
Mar 2002,25470.0,16242.0,21431.0,16082.0,11965.0,15443.0,7929.0,6755.0,5362.0,3454.0,589.0
Apr 2002,25457.0,16280.0,21443.0,16082.0,11928.0,15392.0,7936.0,6710.0,5366.0,3435.0,587.0
May 2002,25441.0,16325.0,21514.0,16092.0,11936.0,15338.0,7933.0,6684.0,5368.0,3417.0,584.0
Jun 2002,25442.0,16414.0,21549.0,16082.0,11905.0,15297.0,7939.0,6701.0,5365.0,3401.0,579.0
Jul 2002,25450.0,16464.0,21544.0,16009.0,11912.0,15256.0,7943.0,6688.0,5360.0,3381.0,577.0
Aug 2002,25397.0,16485.0,21589.0,16038.0,11936.0,15171.0,7949.0,6701.0,5369.0,3370.0,576.0
Sep 2002,25349.0,16513.0,21546.0,16016.0,11991.0,15119.0,7964.0,6702.0,5383.0,3344.0,575.0
Oct 2002,25362.0,16539.0,21559.0,16033.0,12070.0,15059.0,7991.0,6689.0,5391.0,3349.0,575.0
Nov 2002,25330.0,16585.0,21581.0,15991.0,12109.0,14992.0,8003.0,6713.0,5407.0,3328.0,577.0
Dec 2002,25342.0,16605.0,21588.0,15927.0,12112.0,14911.0,8017.0,6700.0,5398.0,3288.0,577.0
Jan 2003,25296.0,16650.0,21626.0,15993.0,12173.0,14867.0,8025.0,6704.0,5400.0,3264.0,575.0
Feb 2003,25272.0,16695.0,21624.0,16021.0,12130.0,14780.0,8037.0,6667.0,5405.0,3235.0,575.0
Mar 2003,25228.0,16722.0,21610.0,15951.0,12109.0,14721.0,8051.0,6654.0,5398.0,3221.0,570.0
Apr 2003,25213.0,16781.0,21595.0,15954.0,12085.0,14608.0,8077.0,6689.0,5397.0,3208.0,566.0
May 2003,25192.0,16822.0,21567.0,16004.0,12092.0,14558.0,8094.0,6706.0,5398.0,3194.0,570.0
Jun 2003,25154.0,16830.0,21606.0,16018.0,12121.0,14493.0,8090.0,6723.0,5397.0,3182.0,572.0
Jul 2003,25126.0,16840.0,21633.0,16057.0,12143.0,14403.0,8101.0,6735.0,5399.0,3176.0,571.0
Aug 2003,25147.0,16851.0,21556.0,16052.0,12177.0,14376.0,8102.0,6760.0,5399.0,3163.0,570.0
Sep 2003,25185.0,16885.0,21504.0,16107.0,12208.0,14346.0,8099.0,6783.0,5403.0,3162.0,570.0
Oct 2003,25209.0,16945.0,21558.0,16130.0,12259.0,14334.0,8089.0,6784.0,5402.0,3155.0,574.0
Nov 2003,25192.0,16976.0,21535.0,16169.0,12284.0,14316.0,8082.0,6796.0,5404.0,3150.0,576.0
Dec 2003,25183.0,17015.0,21546.0,16195.0,12320.0,14299.0,8076.0,6827.0,5403.0,3150.0,575.0
Jan 2004,25272.0,17039.0,21538.0,16223.0,12346.0,14291.0,8078.0,6848.0,5405.0,3141.0,575.0
Feb 2004,25280.0,17063.0,21550.0,16238.0,12372.0,14279.0,8079.0,6838.0,5405.0,3141.0,576.0
Mar 2004,25352.0,17115.0,21588.0,16264.0,12425.0,14287.0,8086.0,6887.0,5418.0,3134.0,584.0
Apr 2004,25386.0,17153.0,21614.0,16376.0,12435.0,14315.0,8097.0,6901.0,5419.0,3130.0,586.0
May 2004,25415.0,17188.0,21614.0,16449.0,12481.0,14342.0,8115.0,6948.0,5419.0,3135.0,591.0
Jun 2004,25456.0,17202.0,21601.0,16481.0,12495.0,14334.0,8116.0,6962.0,5420.0,3136.0,591.0
Jul 2004,25456.0,17237.0,21606.0,16520.0,12495.0,14331.0,8100.0,6977.0,5414.0,3124.0,594.0
Aug 2004,25468.0,17274.0,21626.0,16519.0,12485.0,14345.0,8106.0,7003.0,5410.0,3108.0,595.0
Sep 2004,25518.0,17267.0,21635.0,16542.0,12550.0,14332.0,8118.0,7029.0,5405.0,3096.0,597.0
Oct 2004,25556.0,17361.0,21656.0,16661.0,12582.0,14332.0,8113.0,7077.0,5397.0,3099.0,595.0
Nov 2004,25575.0,17387.0,21692.0,16643.0,12606.0,14306.0,8116.0,7091.0,5400.0,3088.0,599.0
Dec 2004,25598.0,17435.0,21693.0,16659.0,12630.0,14285.0,8134.0,7117.0,5400.0,3077.0,602.0
Jan 2005,25625.0,17471.0,21735.0,16714.0,12665.0,14257.0,8143.0,7095.0,5398.0,3071.0,607.0
Feb 2005,25691.0,17479.0,21744.0,16798.0,12690.0,14272.0,8147.0,7153.0,5393.0,3057.0,610.0
Mar 2005,25710.0,17506.0,21740.0,16826.0,12718.0,14268.0,8141.0,7181.0,5386.0,3062.0,616.0
Apr 2005,25786.0,17546.0,21754.0,16888.0,12802.0,14249.0,8151.0,7266.0,5392.0,3066.0,620.0
May 2005,25824.0,17607.0,21781.0,16910.0,12797.0,14255.0,8154.0,7294.0,5384.0,3062.0,621.0
Jun 2005,25869.0,17669.0,21763.0,16999.0,12837.0,14227.0,8173.0,7333.0,5397.0,3057.0,624.0
Jul 2005,25933.0,17719.0,21857.0,17065.0,12867.0,14225.0,8191.0,7353.0,5403.0,3061.0,626.0
Aug 2005,25965.0,17759.0,21863.0,17124.0,12891.0,14200.0,8214.0,7394.0,5399.0,3063.0,630.0
Sep 2005,25945.0,17793.0,21845.0,17195.0,12862.0,14173.0,8222.0,7415.0,5397.0,3070.0,635.0
Oct 2005,25957.0,17811.0,21829.0,17216.0,12840.0,14189.0,8257.0,7460.0,5386.0,3055.0,641.0
Nov 2005,26013.0,17861.0,21859.0,17297.0,12884.0,14184.0,8279.0,7524.0,5394.0,3055.0,647.0
Dec 2005,26033.0,17893.0,21879.0,17330.0,12905.0,14189.0,8285.0,7533.0,5409.0,3052.0,651.0
Jan 2006,26057.0,17946.0,21847.0,17383.0,12945.0,14208.0,8306.0,7601.0,5424.0,3054.0,656.0
Feb 2006,26090.0,17996.0,21878.0,17444.0,12980.0,14208.0,8335.0,7664.0,5425.0,3052.0,661.0
Mar 2006,26129.0,18042.0,21903.0,17530.0,13034.0,14210.0,8352.0,7689.0,5426.0,3055.0,668.0
Apr 2006,26123.0,18068.0,21919.0,17552.0,13074.0,14223.0,8374.0,7726.0,5426.0,3047.0,678.0
May 2006,26116.0,18100.0,21926.0,17611.0,13052.0,14200.0,8376.0,7713.0,5435.0,3039.0,681.0
Jun 2006,26136.0,18109.0,21922.0,17680.0,13061.0,14210.0,8366.0,7699.0,5433.0,3036.0,685.0
Jul 2006,26161.0,18133.0,21973.0,17720.0,13130.0,14185.0,8366.0,7712.0,5428.0,3031.0,690.0
Aug 2006,26172.0,18186.0,22011.0,17766.0,13152.0,14154.0,8372.0,7720.0,5432.0,3035.0,692.0
Sep 2006,26193.0,18251.0,22082.0,17756.0,13150.0,14120.0,8386.0,7718.0,5447.0,3028.0,695.0
Oct 2006,26233.0,18287.0,22068.0,17760.0,13187.0,14068.0,8381.0,7682.0,5454.0,3024.0,699.0
Nov 2006,26293.0,18333.0,22083.0,17828.0,13251.0,14034.0,8391.0,7666.0,5457.0,3024.0,700.0
Dec 2006,26340.0,18377.0,22088.0,17863.0,13292.0,14009.0,8391.0,7685.0,5466.0,3034.0,704.0
Jan 2007,26381.0,18413.0,22095.0,17927.0,13338.0,14004.0,8388.0,7725.0,5466.0,3030.0,705.0
Feb 2007,26426.0,18452.0,22131.0,17960.0,13361.0,13993.0,8393.0,7626.0,5474.0,3034.0,710.0
Mar 2007,26492.0,18508.0,22149.0,17990.0,13363.0,13964.0,8383.0,7706.0,5485.0,3030.0,714.0
Apr 2007,26491.0,18563.0,22175.0,18008.0,13375.0,13939.0,8364.0,7686.0,5491.0,3035.0,720.0
May 2007,26520.0,18609.0,22193.0,18042.0,13404.0,13922.0,8370.0,7673.0,5498.0,3040.0,721.0
Jun 2007,26514.0,18660.0,22207.0,18053.0,13413.0,13903.0,8369.0,7687.0,5501.0,3038.0,725.0
Jul 2007,26528.0,18695.0,22171.0,18057.0,13417.0,13881.0,8370.0,7660.0,5500.0,3037.0,728.0
Aug 2007,26525.0,18751.0,22226.0,18067.0,13419.0,13821.0,8342.0,7610.0,5496.0,3028.0,728.0
Sep 2007,26557.0,18806.0,22279.0,18066.0,13461.0,13784.0,8317.0,7577.0,5493.0,3031.0,728.0
Oct 2007,26553.0,18849.0,22297.0,18101.0,13499.0,13756.0,8304.0,7565.0,5494.0,3028.0,729.0
Nov 2007,26614.0,18875.0,22334.0,18102.0,13535.0,13751.0,8290.0,7523.0,5507.0,3025.0,734.0
Dec 2007,26608.0,18924.0,22376.0,18148.0,13550.0,13739.0,8280.0,7490.0,5515.0,3026.0,739.0
Jan 2008,26586.0,18976.0,22388.0,18138.0,13542.0,13717.0,8276.0,7476.0,5520.0,3026.0,746.0
Feb 2008,26545.0,19019.0,22417.0,18093.0,13543.0,13690.0,8271.0,7453.0,5532.0,3019.0,747.0
Mar 2008,26525.0,19069.0,22443.0,18051.0,13531.0,13650.0,8270.0,7406.0,5539.0,3021.0,754.0
Apr 2008,26425.0,19129.0,22450.0,18041.0,13511.0,13589.0,8260.0,7327.0,5540.0,3013.0,755.0
May 2008,26338.0,19166.0,22483.0,17984.0,13498.0,13555.0,8249.0,7274.0,5532.0,3008.0,764.0
Jun 2008,26290.0,19232.0,22517.0,17940.0,13482.0,13494.0,8238.0,7213.0,5525.0,3001.0,768.0
Jul 2008,26226.0,19283.0,22568.0,17881.0,13463.0,13419.0,8218.0,7160.0,5522.0,2987.0,770.0
Aug 2008,26126.0,19339.0,22567.0,17817.0,13431.0,13348.0,8205.0,7114.0,5512.0,2972.0,780.0
Sep 2008,26013.0,19343.0,22537.0,17748.0,13379.0,13267.0,8171.0,7044.0,5512.0,2962.0,784.0
Oct 2008,25902.0,19358.0,22549.0,17640.0,13352.0,13138.0,8137.0,6967.0,5516.0,2951.0,781.0
Nov 2008,25696.0,19397.0,22560.0,17468.0,13300.0,13026.0,8098.0,6813.0,5476.0,2931.0,776.0
Dec 2008,25523.0,19438.0,22556.0,17337.0,13256.0,12842.0,8067.0,6701.0,5446.0,2911.0,770.0
Jan 2009,25383.0,19494.0,22579.0,17183.0,13222.0,12552.0,8018.0,6567.0,5430.0,2891.0,760.0
Feb 2009,25229.0,19508.0,22576.0,16988.0,13193.0,12371.0,7970.0,6446.0,5411.0,2878.0,748.0
Mar 2009,25066.0,19514.0,22560.0,16837.0,13127.0,12196.0,7929.0,6291.0,5383.0,2864.0,727.0
Apr 2009,24909.0,19519.0,22677.0,16703.0,13056.0,12017.0,7873.0,6154.0,5372.0,2832.0,710.0
May 2009,24849.0,19581.0,22617.0,16652.0,13106.0,11850.0,7842.0,6100.0,5368.0,2807.0,694.0
Jun 2009,24795.0,19619.0,22576.0,16547.0,13076.0,11713.0,7820.0,6010.0,5371.0,2795.0,686.0
Jul 2009,24692.0,19632.0,22521.0,16524.0,13078.0,11654.0,7805.0,5932.0,5368.0,2778.0,678.0
Aug 2009,24656.0,19676.0,22537.0,16515.0,13046.0,11612.0,7780.0,5855.0,5359.0,2767.0,669.0
Sep 2009,24599.0,19695.0,22451.0,16522.0,13054.0,11580.0,7769.0,5787.0,5353.0,2769.0,667.0
Oct 2009,24516.0,19731.0,22524.0,16543.0,12995.0,11527.0,7750.0,5716.0,5334.0,2764.0,661.0
Nov 2009,24480.0,19768.0,22533.0,16601.0,12986.0,11498.0,7755.0,5696.0,5324.0,2752.0,664.0
Dec 2009,24384.0,19802.0,22482.0,16605.0,12944.0,11465.0,7744.0,5654.0,5320.0,2745.0,663.0
Jan 2010,24433.0,19829.0,22491.0,16627.0,12932.0,11447.0,7733.0,5580.0,5325.0,2739.0,666.0
Feb 2010,24421.0,19843.0,22476.0,16646.0,12927.0,11439.0,7726.0,5500.0,5317.0,2737.0,674.0
Mar 2010,24467.0,19896.0,22518.0,16629.0,12943.0,11439.0,7709.0,5537.0,5328.0,2719.0,681.0
Apr 2010,24469.0,19907.0,22569.0,16721.0,12979.0,11475.0,7711.0,5553.0,5335.0,2714.0,687.0
May 2010,24483.0,19934.0,22996.0,16756.0,13012.0,11511.0,7698.0,5520.0,5328.0,2708.0,696.0
Jun 2010,24505.0,19964.0,22740.0,16818.0,13034.0,11529.0,7688.0,5516.0,5313.0,2701.0,702.0
Jul 2010,24526.0,19976.0,22569.0,16828.0,13048.0,11546.0,7676.0,5508.0,5326.0,2703.0,709.0
Aug 2010,24537.0,20012.0,22420.0,16888.0,13081.0,11538.0,7674.0,5524.0,5324.0,2701.0,716.0
Sep 2010,24564.0,20005.0,22247.0,16906.0,13137.0,11549.0,7681.0,5501.0,5332.0,2697.0,722.0
Oct 2010,24626.0,20073.0,22297.0,16975.0,13127.0,11548.0,7682.0,5508.0,5357.0,2695.0,732.0
Nov 2010,24625.0,20113.0,22287.0,17069.0,13126.0,11571.0,7680.0,5506.0,5347.0,2689.0,736.0
Dec 2010,24657.0,20126.0,22266.0,17140.0,13157.0,11579.0,7684.0,5467.0,5338.0,2682.0,734.0
Jan 2011,24675.0,20150.0,22258.0,17150.0,13149.0,11606.0,7680.0,5427.0,5327.0,2678.0,737.0
Feb 2011,24746.0,20167.0,22215.0,17229.0,13188.0,11637.0,7677.0,5451.0,5337.0,2672.0,738.0
Mar 2011,24794.0,20180.0,22192.0,17294.0,13247.0,11659.0,7682.0,5477.0,5332.0,2672.0,754.0
Apr 2011,24891.0,20232.0,22184.0,17356.0,13298.0,11689.0,7680.0,5485.0,5341.0,2674.0,767.0
May 2011,24906.0,20253.0,22129.0,17407.0,13293.0,11697.0,7701.0,5516.0,5345.0,2679.0,777.0
Jun 2011,24962.0,20284.0,22164.0,17424.0,13343.0,11710.0,7690.0,5528.0,5353.0,2685.0,788.0
Jul 2011,25010.0,20332.0,22049.0,17431.0,13370.0,11729.0,7692.0,5547.0,5358.0,2675.0,799.0
Aug 2011,25029.0,20367.0,22017.0,17506.0,13395.0,11748.0,7697.0,5552.0,5377.0,2632.0,805.0
Sep 2011,25046.0,20417.0,21983.0,17571.0,13426.0,11752.0,7695.0,5584.0,5382.0,2676.0,812.0
Oct 2011,25083.0,20452.0,21998.0,17618.0,13464.0,11762.0,7708.0,5588.0,5383.0,2677.0,820.0
Nov 2011,25111.0,20484.0,21971.0,17654.0,13511.0,11753.0,7721.0,5593.0,5391.0,2676.0,825.0
Dec 2011,25124.0,20515.0,21954.0,17722.0,13538.0,11783.0,7729.0,5611.0,5402.0,2679.0,831.0
Jan 2012,25217.0,20573.0,21946.0,17808.0,13600.0,11820.0,7736.0,5626.0,5414.0,2665.0,841.0
Feb 2012,25246.0,20646.0,21947.0,17878.0,13641.0,11841.0,7745.0,5629.0,5414.0,2676.0,846.0
Mar 2012,25276.0,20690.0,21943.0,17912.0,13706.0,11880.0,7767.0,5625.0,5422.0,2678.0,849.0
Apr 2012,25285.0,20707.0,21931.0,17961.0,13709.0,11897.0,7771.0,5618.0,5416.0,2680.0,850.0
May 2012,25337.0,20744.0,21911.0,17986.0,13705.0,11908.0,7781.0,5604.0,5416.0,2685.0,855.0
Jun 2012,25323.0,20744.0,21930.0,18042.0,13702.0,11918.0,7782.0,5621.0,5425.0,2674.0,852.0
Jul 2012,25329.0,20779.0,21913.0,18084.0,13735.0,11944.0,7778.0,5632.0,5433.0,2679.0,851.0
Aug 2012,25361.0,20806.0,21916.0,18118.0,13804.0,11940.0,7788.0,5648.0,5431.0,2675.0,852.0
Sep 2012,25387.0,20845.0,21925.0,18134.0,13872.0,11934.0,7800.0,5661.0,5442.0,2670.0,847.0
Oct 2012,25427.0,20875.0,21903.0,18207.0,13883.0,11941.0,7810.0,5674.0,5446.0,2666.0,837.0
Nov 2012,25495.0,20880.0,21883.0,18261.0,13910.0,11930.0,7816.0,5684.0,5448.0,2674.0,844.0
Dec 2012,25508.0,20933.0,21887.0,18298.0,13978.0,11939.0,7829.0,5724.0,5452.0,2677.0,849.0
Jan 2013,25545.0,20948.0,21869.0,18340.0,14037.0,11962.0,7837.0,5746.0,5458.0,2662.0,853.0
Feb 2013,25569.0,20959.0,21881.0,18433.0,14082.0,11974.0,7852.0,5784.0,5456.0,2698.0,858.0
Mar 2013,25564.0,21007.0,21870.0,18489.0,14113.0,11977.0,7856.0,5802.0,5451.0,2700.0,860.0
Apr 2013,25590.0,21057.0,21869.0,18551.0,14152.0,11978.0,7872.0,5796.0,5455.0,2696.0,857.0
May 2013,25625.0,21076.0,21864.0,18605.0,14193.0,11978.0,7884.0,5829.0,5471.0,2710.0,861.0
Jun 2013,25682.0,21082.0,21840.0,18651.0,14252.0,11982.0,7887.0,5855.0,5479.0,2705.0,864.0
Jul 2013,25725.0,21073.0,21815.0,18698.0,14288.0,11962.0,7904.0,5859.0,5484.0,2720.0,863.0
Aug 2013,25793.0,21147.0,21831.0,18725.0,14327.0,11992.0,7902.0,5878.0,5493.0,2691.0,867.0
Sep 2013,25858.0,21133.0,21835.0,18755.0,14339.0,12010.0,7903.0,5910.0,5502.0,2708.0,868.0
Oct 2013,25882.0,21158.0,21830.0,18805.0,14395.0,12033.0,7912.0,5931.0,5509.0,2718.0,868.0
Nov 2013,25939.0,21200.0,21843.0,18873.0,14432.0,12054.0,7912.0,5963.0,5511.0,2722.0,868.0
Dec 2013,26012.0,21199.0,21820.0,18862.0,14454.0,12060.0,7915.0,5932.0,5525.0,2727.0,866.0
Jan 2014,26029.0,21236.0,21814.0,18909.0,14489.0,12058.0,7913.0,5985.0,5533.0,2724.0,871.0
Feb 2014,26004.0,21252.0,21825.0,18971.0,14509.0,12084.0,7932.0,6007.0,5535.0,2718.0,875.0
Mar 2014,26055.0,21292.0,21833.0,19018.0,14564.0,12096.0,7932.0,6038.0,5553.0,2725.0,879.0
Apr 2014,26122.0,21323.0,21853.0,19076.0,14614.0,12109.0,7945.0,6084.0,5565.0,2721.0,886.0
May 2014,26165.0,21375.0,21832.0,19117.0,14670.0,12120.0,7952.0,6109.0,5568.0,2717.0,888.0
Jun 2014,26238.0,21424.0,21895.0,19178.0,14693.0,12146.0,7965.0,6133.0,5562.0,2722.0,893.0
Jul 2014,26292.0,21450.0,21901.0,19216.0,14703.0,12165.0,7979.0,6178.0,5566.0,2725.0,897.0
Aug 2014,26316.0,21501.0,21855.0,19274.0,14725.0,12182.0,7994.0,6210.0,5580.0,2733.0,899.0
Sep 2014,26363.0,21541.0,21897.0,19330.0,14768.0,12201.0,8009.0,6242.0,5574.0,2734.0,904.0
Oct 2014,26424.0,21569.0,21917.0,19359.0,14811.0,12233.0,8019.0,6259.0,5581.0,2727.0,899.0
Nov 2014,26475.0,21626.0,21932.0,19415.0,14849.0,12260.0,8035.0,6272.0,5591.0,2735.0,899.0
Dec 2014,26527.0,21678.0,21947.0,19494.0,14892.0,12266.0,8042.0,6293.0,5593.0,2737.0,895.0
Jan 2015,26557.0,21746.0,21960.0,19519.0,14915.0,12265.0,8059.0,6320.0,5599.0,2740.0,888.0
Feb 2015,26599.0,21787.0,21978.0,19563.0,14972.0,12275.0,8070.0,6361.0,5606.0,2741.0,875.0
Mar 2015,26646.0,21829.0,21970.0,19592.0,14981.0,12286.0,8081.0,6334.0,5607.0,2737.0,860.0
Apr 2015,26662.0,21902.0,22005.0,19635.0,15023.0,12291.0,8086.0,6392.0,5614.0,2742.0,844.0
May 2015,26727.0,21956.0,22012.0,19718.0,15103.0,12306.0,8097.0,6427.0,5622.0,2747.0,823.0
Jun 2015,26764.0,22011.0,22015.0,19768.0,15108.0,12307.0,8115.0,6441.0,5615.0,2748.0,817.0
Jul 2015,26802.0,22052.0,22050.0,19803.0,15168.0,12323.0,8134.0,6472.0,5628.0,2752.0,807.0
Aug 2015,26822.0,22088.0,22060.0,19835.0,15201.0,12318.0,8145.0,6490.0,5621.0,2751.0,794.0
Sep 2015,26810.0,22140.0,22040.0,19855.0,15279.0,12326.0,8152.0,6508.0,5621.0,2764.0,780.0
Oct 2015,26851.0,22212.0,22056.0,19930.0,15316.0,12334.0,8167.0,6547.0,5630.0,2766.0,770.0
Nov 2015,26875.0,22260.0,22081.0,19965.0,15374.0,12329.0,8182.0,6598.0,5638.0,2751.0,755.0
Dec 2015,26909.0,22318.0,22097.0,20035.0,15406.0,12333.0,8189.0,6630.0,5653.0,2761.0,746.0
Jan 2016,26915.0,22348.0,22114.0,20046.0,15454.0,12354.0,8207.0,6631.0,5647.0,2762.0,732.0
Feb 2016,26978.0,22401.0,22138.0,20058.0,15494.0,12337.0,8209.0,6640.0,5666.0,2775.0,710.0
Mar 2016,27054.0,22447.0,22178.0,20082.0,15535.0,12313.0,8226.0,6678.0,5673.0,2785.0,691.0
Apr 2016,27072.0,22503.0,22184.0,20113.0,15562.0,12325.0,8248.0,6702.0,5678.0,2789.0,678.0
May 2016,27089.0,22564.0,22199.0,20120.0,15583.0,12303.0,8265.0,6689.0,5670.0,2751.0,667.0
Jun 2016,27107.0,22615.0,22180.0,20162.0,15639.0,12321.0,8282.0,6701.0,5682.0,2801.0,657.0
Jul 2016,27153.0,22669.0,22289.0,20208.0,15679.0,12342.0,8304.0,6735.0,5690.0,2799.0,652.0
Aug 2016,27199.0,22715.0,22284.0,20212.0,15725.0,12319.0,8319.0,6736.0,5702.0,2803.0,647.0
Sep 2016,27211.0,22779.0,22323.0,20281.0,15785.0,12317.0,8327.0,6768.0,5714.0,2817.0,645.0
Oct 2016,27235.0,22827.0,22295.0,20303.0,15780.0,12316.0,8332.0,6799.0,5720.0,2814.0,644.0
Nov 2016,27209.0,22865.0,22277.0,20340.0,15826.0,12311.0,8344.0,6823.0,5729.0,2812.0,647.0
Dec 2016,27270.0,22928.0,22304.0,20374.0,15845.0,12324.0,8370.0,6818.0,5711.0,2817.0,647.0
Jan 2017,27314.0,22941.0,22316.0,20415.0,15874.0,12334.0,8397.0,6840.0,5729.0,2821.0,647.0
Feb 2017,27311.0,23018.0,22326.0,20433.0,15917.0,12350.0,8398.0,6881.0,5741.0,2815.0,656.0
Mar 2017,27298.0,23047.0,22329.0,20463.0,15941.0,12361.0,8408.0,6902.0,5748.0,2813.0,660.0
Apr 2017,27301.0,23105.0,22335.0,20494.0,16006.0,12367.0,8425.0,6916.0,5753.0,2804.0,669.0
May 2017,27307.0,23140.0,22347.0,20556.0,16046.0,12377.0,8436.0,6931.0,5765.0,2801.0,674.0
Jun 2017,27321.0,23165.0,22360.0,20589.0,16087.0,12390.0,8452.0,6962.0,5769.0,2811.0,677.0
Jul 2017,27325.0,23232.0,22374.0,20632.0,16122.0,12390.0,8465.0,6968.0,5775.0,2809.0,680.0
Aug 2017,27333.0,23269.0,22310.0,20671.0,16150.0,12435.0,8476.0,7002.0,5777.0,2813.0,683.0
Sep 2017,27355.0,23295.0,22333.0,20668.0,16140.0,12443.0,8480.0,7013.0,5780.0,2816.0,685.0
Oct 2017,27374.0,23313.0,22361.0,20709.0,16133.0,12457.0,8481.0,7031.0,5793.0,2811.0,686.0
Nov 2017,27416.0,23354.0,22379.0,20725.0,16160.0,12472.0,8489.0,7068.0,5803.0,2815.0,691.0
Dec 2017,27404.0,23383.0,22384.0,20764.0,16183.0,12501.0,8496.0,7091.0,5805.0,2818.0,694.0
Jan 2018,27370.0,23438.0,22374.0,20822.0,16209.0,12527.0,8503.0,7093.0,5809.0,2817.0,698.0
Feb 2018,27447.0,23494.0,22419.0,20861.0,16231.0,12551.0,8527.0,7184.0,5814.0,2819.0,707.0
Mar 2018,27519.0,23523.0,22427.0,20908.0,16239.0,12576.0,8538.0,7194.0,5816.0,2826.0,714.0
Apr 2018,27517.0,23546.0,22444.0,20952.0,16226.0,12595.0,8544.0,7212.0,5824.0,2838.0,722.0
May 2018,27565.0,23583.0,22449.0,21011.0,16261.0,12623.0,8574.0,7274.0,5835.0,2841.0,726.0
Jun 2018,27542.0,23615.0,22482.0,21060.0,16310.0,12656.0,8591.0,7292.0,5844.0,2838.0,730.0
Jul 2018,27545.0,23643.0,22436.0,21073.0,16329.0,12676.0,8600.0,7318.0,5829.0,2841.0,730.0
Aug 2018,27602.0,23701.0,22468.0,21112.0,16343.0,12688.0,8610.0,7347.0,5829.0,2840.0,737.0
Sep 2018,27577.0,23709.0,22474.0,21145.0,16325.0,12710.0,8629.0,7375.0,5838.0,2838.0,738.0
Oct 2018,27569.0,23756.0,22479.0,21171.0,16356.0,12731.0,8644.0,7389.0,5841.0,2850.0,741.0
Nov 2018,27638.0,23768.0,22473.0,21176.0,16361.0,12741.0,8651.0,7386.0,5839.0,2850.0,734.0
Dec 2018,27580.0,23852.0,22511.0,21196.0,16412.0,12761.0,8661.0,7396.0,5846.0,2851.0,743.0
Jan 2019,27633.0,23902.0,22508.0,21201.0,16488.0,12790.0,8672.0,7425.0,5854.0,2842.0,745.0
Feb 2019,27591.0,23923.0,22525.0,21230.0,16494.0,12782.0,8685.0,7395.0,5856.0,2843.0,743.0
Mar 2019,27592.0,23988.0,22569.0,21258.0,16504.0,12788.0,8705.0,7425.0,5875.0,2849.0,742.0
Apr 2019,27626.0,24054.0,22619.0,21315.0,16527.0,12785.0,8721.0,7468.0,5891.0,2846.0,739.0
May 2019,27632.0,24090.0,22562.0,21356.0,16507.0,12778.0,8733.0,7478.0,5886.0,2858.0,738.0
Jun 2019,27645.0,24135.0,22604.0,21402.0,16512.0,12787.0,8748.0,7502.0,5894.0,2875.0,734.0
Jul 2019,27661.0,24181.0,22572.0,21421.0,16522.0,12790.0,8771.0,7526.0,5899.0,2866.0,728.0
Aug 2019,27652.0,24246.0,22625.0,21455.0,16602.0,12789.0,8785.0,7530.0,5901.0,2865.0,719.0
Sep 2019,27676.0,24288.0,22653.0,21465.0,16673.0,12787.0,8785.0,7547.0,5903.0,2871.0,717.0
Oct 2019,27688.0,24328.0,22670.0,21476.0,16722.0,12733.0,8801.0,7553.0,5898.0,2874.0,717.0
Nov 2019,27687.0,24391.0,22709.0,21487.0,16761.0,12777.0,8813.0,7541.0,5911.0,2885.0,705.0
Dec 2019,27758.0,24428.0,22726.0,21467.0,16805.0,12760.0,8822.0,7527.0,5917.0,2891.0,693.0
Jan 2020,27775.0,24510.0,22781.0,21476.0,16823.0,12745.0,8833.0,7575.0,5933.0,2901.0,679.0
Feb 2020,27738.0,24573.0,22857.0,21483.0,16889.0,12743.0,8872.0,7610.0,5934.0,2910.0,684.0
Mar 2020,27659.0,24356.0,22827.0,21388.0,16158.0,12684.0,8855.0,7541.0,5847.0,2902.0,678.0
Apr 2020,24564.0,21742.0,21909.0,19223.0,8719.0,11382.0,8592.0,6522.0,4511.0,2643.0,619.0
May 2020,24975.0,22150.0,21393.0,19410.0,9947.0,11610.0,8607.0,7004.0,4740.0,2609.0,595.0
Jun 2020,25963.0,22727.0,21412.0,19768.0,11777.0,11950.0,8622.0,7159.0,5092.0,2622.0,579.0
Jul 2020,26231.0,22923.0,21514.0,19953.0,12415.0,11973.0,8623.0,7196.0,5236.0,2622.0,569.0
Aug 2020,26613.0,23124.0,22000.0,20147.0,12573.0,11999.0,8649.0,7226.0,5289.0,2640.0,561.0
Sep 2020,26746.0,23189.0,21929.0,20267.0,13065.0,12057.0,8674.0,7253.0,5334.0,2695.0,561.0
Oct 2020,26947.0,23278.0,21805.0,20455.0,13303.0,12086.0,8691.0,7301.0,5354.0,2684.0,556.0
Nov 2020,27112.0,23337.0,21683.0,20602.0,13260.0,12118.0,8706.0,7321.0,5344.0,2696.0,554.0
Dec 2020,27158.0,23334.0,21678.0,20770.0,12798.0,12153.0,8718.0,7357.0,5313.0,2712.0,557.0
Jan 2021,27201.0,23362.0,21741.0,20922.0,12801.0,12142.0,8722.0,7362.0,5314.0,2747.0,549.0
Feb 2021,27277.0,23413.0,21754.0,20999.0,13142.0,12172.0,8718.0,7278.0,5324.0,2764.0,539.0
Mar 2021,27423.0,23536.0,21844.0,21109.0,13298.0,12229.0,8736.0,7399.0,5335.0,2770.0,553.0
Apr 2021,27387.0,23584.0,21893.0,21103.0,13568.0,12193.0,8750.0,7400.0,5358.0,2796.0,555.0
May 2021,27431.0,23616.0,21929.0,21176.0,13802.0,12216.0,8761.0,7391.0,5370.0,2816.0,557.0
Jun 2021,27571.0,23642.0,22031.0,21257.0,14085.0,12247.0,8773.0,7393.0,5438.0,2824.0,559.0
Jul 2021,27652.0,23684.0,22039.0,21418.0,14495.0,12305.0,8808.0,7425.0,5494.0,2881.0,561.0
Aug 2021,27703.0,23708.0,22136.0,21535.0,14621.0,12353.0,8826.0,7432.0,5532.0,2903.0,565.0
Sep 2021,27832.0,23705.0,22102.0,21636.0,14746.0,12393.0,8851.0,7484.0,5539.0,2917.0,566.0
Oct 2021,27988.0,23800.0,22027.0,21873.0,14949.0,12453.0,8879.0,7518.0,5578.0,2938.0,569.0
Nov 2021,28151.0,23845.0,22046.0,22019.0,15071.0,12498.0,8911.0,7562.0,5598.0,2957.0,572.0
Dec 2021,28262.0,23886.0,22062.0,22129.0,15246.0,12537.0,8938.0,7595.0,5617.0,2967.0,577.0
Jan 2022,28318.0,23869.0,22049.0,22183.0,15329.0,12564.0,8934.0,7595.0,5603.0,2984.0,578.0
Feb 2022,28528.0,23984.0,22032.0,22372.0,15462.0,12601.0,8976.0,7651.0,5648.0,2990.0,581.0
Mar 2022,28593.0,24057.0,22033.0,22483.0,15523.0,12674.0,9002.0,7692.0,5651.0,3018.0,589.0
Apr 2022,28595.0,24117.0,22069.0,22468.0,15626.0,12726.0,9037.0,7698.0,5657.0,3034.0,596.0
May 2022,28572.0,24176.0,22125.0,22503.0,15704.0,12735.0,9049.0,7738.0,5665.0,3057.0,600.0
Jun 2022,28646.0,24267.0,22142.0,22564.0,15794.0,12767.0,9059.0,7761.0,5674.0,3076.0,608.0
Jul 2022,28702.0,24395.0,22306.0,22658.0,15931.0,12800.0,9073.0,7792.0,5707.0,3094.0,614.0
Aug 2022,28748.0,24468.0,22306.0,22697.0,15990.0,12832.0,9092.0,7801.0,5719.0,3097.0,612.0
Sep 2022,28720.0,24552.0,22297.0,22744.0,16052.0,12849.0,9097.0,7832.0,5730.0,3095.0,614.0
Oct 2022,28761.0,24642.0,22293.0,22783.0,16142.0,12883.0,9122.0,7847.0,5748.0,3100.0,618.0
Nov 2022,28763.0,24729.0,22379.0,22792.0,16183.0,12896.0,9136.0,7863.0,5762.0,3115.0,624.0
Dec 2022,28769.0,24773.0,22365.0,22774.0,16245.0,12895.0,9146.0,7885.0,5771.0,3092.0,627.0
Jan 2023,28807.0,24883.0,22484.0,22791.0,16352.0,12903.0,9144.0,7932.0,5785.0,3061.0,634.0
Feb 2023,28845.0,24956.0,22538.0,22837.0,16431.0,12898.0,9152.0,7943.0,5785.0,3048.0,633.0
Mar 2023,28803.0,25033.0,22580.0,22832.0,16450.0,12888.0,9150.0,7926.0,5789.0,3049.0,634.0
Apr 2023,28799.0,25113.0,22642.0,22837.0,16487.0,12884.0,9180.0,7955.0,5798.0,3043.0,637.0
May 2023,28830.0,25221.0,22722.0,22850.0,16533.0,12869.0,9175.0,7965.0,5814.0,3034.0,642.0
Jun 2023,28799.0,25314.0,22792.0,22826.0,16594.0,12875.0,9182.0,8006.0,5831.0,3021.0,640.0
Jul 2023,28816.0,25435.0,22837.0,22779.0,16616.0,12862.0,9193.0,8016.0,5846.0,3001.0,642.0
Aug 2023,28799.0,25544.0,22907.0,22768.0,16651.0,12861.0,9193.0,8042.0,5874.0,2981.0,641.0
Sep 2023,28832.0,25641.0,22948.0,22743.0,16643.0,12872.0,9186.0,8053.0,5883.0,2975.0,641.0
Oct 2023,28865.0,25735.0,22993.0,22715.0,16689.0,12837.0,9179.0,8080.0,5893.0,2951.0,639.0
Nov 2023,28837.0,25853.0,23036.0,22661.0,16694.0,12859.0,9172.0,8088.0,5905.0,2962.0,636.0
Dec 2023,28829.0,25935.0,23091.0,22643.0,16704.0,12872.0,9176.0,8100.0,5906.0,2963.0,638.0
Jan 2024,28799.0,26033.0,23140.0,22668.0,16716.0,12875.0,9165.0,8123.0,5917.0,2963.0,633.0
Feb 2024,28839.0,26130.0,23211.0,22658.0,16744.0,12852.0,9151.0,8132.0,5930.0,2958.0,633.0
Mar 2024,28855.0,26225.0,23296.0,22631.0,16780.0,12836.0,9149.0,8164.0,5943.0,2951.0,636.0
Apr 2024,28880.0,26313.0,23297.0,22616.0,16762.0,12833.0,9144.0,8170.0,5947.0,2940.0,628.0
May 2024,28880.0,26383.0,23330.0,22633.0,16731.0,12825.0,9147.0,8176.0,5949.0,2930.0,624.0
Jun 2024,28851.0,26474.0,23339.0,22606.0,16744.0,12814.0,9159.0,8196.0,5962.0,2930.0,620.0
Jul 2024,28830.0,26515.0,23400.0,22584.0,16751.0,12806.0,9154.0,8208.0,5961.0,2917.0,622.0
Aug 2024,28802.0,26573.0,23436.0,22544.0,16746.0,12772.0,9162.0,8236.0,5957.0,2909.0,620.0
Sep 2024,28813.0,26691.0,23449.0,22525.0,16776.0,12758.0,9162.0,8254.0,5959.0,2903.0,622.0
Oct 2024,28794.0,26786.0,23486.0,22486.0,16799.0,12697.0,9164.0,8262.0,5962.0,2887.0,622.0
Nov 2024,28755.0,26870.0,23504.0,22499.0,16823.0,12711.0,9173.0,8267.0,5968.0,2885.0,624.0
Dec 2024,28811.0,26945.0,23529.0,22532.0,16862.0,12693.0,9179.0,8276.0,5972.0,2895.0,622.0
Jan 2025,28795.0,27006.0,23557.0,22480.0,16832.0,12673.0,9187.0,8264.0,5975.0,2877.0,622.0
Feb 2025,28806.0,27064.0,23559.0,22473.0,16796.0,12671.0,9199.0,8267.0,5977.0,2876.0,622.0
Mar 2025,28792.0,27132.0,23559.0,22457.0,16823.0,12666.0,9201.0,8273.0,5987.0,2867.0,620.0
Apr 2025,28783.0,27216.0,23568.0,22470.0,16836.0,12662.0,9205.0,8271.0,5987.0,2865.0,622.0
May 2025,28765.0,27276.0,23561.0,22450.0,16839.0,12651.0,9211.0,8269.0,5994.0,2864.0,618.0
Jun 2025,28741.0,27325.0,23586.0,22419.0,16837.0,12636.0,9204.0,8267.0,5984.0,2863.0,616.0
Jul 2025,28744.0,27412.0,23585.0,22403.0,16848.0,12625.0,9204.0,8261.0,5989.0,2861.0,610.0
Aug 2025,28743.0,27435.0,23535.0,22375.0,16870.0,12615.0,9185.0,8239.0,6008.0,2860.0,607.0
Sep 2025,28725.0,27489.0,23543.0,22359.0,16907.0,12612.0,9189.0,8255.0,6005.0,2859.0,605.0
Oct 2025,28714.0,27533.0,23390.0,22335.0,16948.0,12603.0,9184.0,8243.0,5999.0,2853.0,606.0
Nov 2025,28649.0,27589.0,23359.0,22391.0,16936.0,12593.0,9185.0,8279.0,6015.0,2848.0,605.0
Dec 2025,28616.0,27627.0,23349.0,22372.0,16961.0,12580.0,9186.0,8272.0,6023.0,2842.0,604.0
Jan 2026,28654.0,27746.0,23329.0,22408.0,16966.0,12582.0,9147.0,8317.0,6026.0,2815.0,602.0
Feb 2026,28618.0,27697.0,23321.0,22412.0,16935.0,12583.0,9149.0,8296.0,6032.0,2792.0,601.0
Mar 2026,28650.0,27792.0,23333.0,22440.0,16979.0,12598.0,9132.0,8311.0,6018.0,2793.0,604.0
Apr 2026,28715.0,27859.0,23331.0,22460.0,16972.0,12597.0,9126.0,8314.0,6029.0,2787.0,608.0
May 2026,28724.0,27883.0,23333.0,22466.0,17014.0,12595.0,9106.0,8316.0,6031.0,2782.0,611.0
Jun 2026,28728.0,27933.0,23338.0,22502.0,16960.0,12608.0,9108.0,8319.0,6024.0,2763.0,609.0
Jul 2026,28762.0,27945.0,23288.0,22517.0,16939.0,12622.0,9097.0,8337.0,6032.0,2768.0,606.0
Aug 2026,28778.0,27974.0,23323.0,22527.0,17001.0,12638.0,9086.0,8359.0,6035.0,2745.0,609.0
